uid,病例数,新闻日期,省份,地级行政单位,Gaode_Lng,Gaode_Lat,province,city,citycode,adcode,level
1,1,2019/12/31,湖北,武汉,114.305392,30.593098,湖北省,武汉市,武汉市,420100,市
2,26,2019/12/31,湖北,武汉,114.305392,30.593098,湖北省,武汉市,武汉市,420100,市
3,1,2020/1/5,湖北,武汉,114.305392,30.593098,湖北省,武汉市,武汉市,420100,市
4,31,2020/1/5,湖北,武汉,114.305392,30.593098,湖北省,武汉市,武汉市,420100,市
5,1,2020/1/17,湖北,武汉,114.305392,30.593098,湖北省,武汉市,武汉市,420100,市
6,1,2020/1/17,湖北,武汉,114.305392,30.593098,湖北省,武汉市,武汉市,420100,市
7,1,2020/1/17,湖北,武汉,114.305392,30.593098,湖北省,武汉市,武汉市,420100,市
8,1,2020/1/17,湖北,武汉,114.305392,30.593098,湖北省,武汉市,武汉市,420100,市
9,17,2020/1/18,湖北,武汉,114.305392,30.593098,湖北省,武汉市,武汉市,420100,市
10,59,2020/1/19,湖北,武汉,114.305392,30.593098,湖北省,武汉市,武汉市,420100,市
11,77,2020/1/20,湖北,武汉,114.305392,30.593098,湖北省,武汉市,武汉市,420100,市
12,60,2020/1/21,湖北,武汉,114.305392,30.593098,湖北省,武汉市,武汉市,420100,市
13,12,2020/1/21,湖北,黄冈,114.872316,30.453905,湖北省,黄冈市,黄冈市,421100,市
14,1,2020/1/22,湖北,荆州,112.239741,30.335165,湖北省,荆州市,荆州市,421000,市
15,5,2020/1/22,湖北,荆州,112.239741,30.335165,湖北省,荆州市,荆州市,421000,市
16,10,2020/1/23,湖北,黄石,115.03852,30.199652,湖北省,黄石市,黄石市,420200,市
17,1,2020/1/23,湖北,荆门,112.199265,31.035423,湖北省,荆门市,荆门市,420800,市
18,6,2020/1/23,湖北,荆州,112.239741,30.335165,湖北省,荆州市,荆州市,421000,市
19,62,2020/1/23,湖北,武汉,114.305392,30.593098,湖北省,武汉市,武汉市,420100,市
20,1,2020/1/24,湖北,宜昌,111.286471,30.691967,湖北省,宜昌市,宜昌市,420500,市
21,1,2020/1/24,湖北,十堰,110.79799,32.629397,湖北省,十堰市,十堰市,420300,市
22,22,2020/1/24,湖北,孝感,113.916902,30.924568,湖北省,孝感市,孝感市,420900,市
23,2,2020/1/24,湖北,仙桃,113.454593,30.362641,湖北省,[],[],429000,市
24,77,2020/1/25,湖北,武汉,114.305392,30.593098,湖北省,武汉市,武汉市,420100,市
25,4,2020/1/25,湖北,十堰,110.79799,32.629397,湖北省,十堰市,十堰市,420300,市
26,13,2020/1/25,湖北,荆门,112.199265,31.035423,湖北省,荆门市,荆门市,420800,市
27,4,2020/1/25,湖北,孝感,113.916902,30.924568,湖北省,孝感市,孝感市,420900,市
28,52,2020/1/25,湖北,黄冈,114.872316,30.453905,湖北省,黄冈市,黄冈市,421100,市
29,2,2020/1/25,湖北,荆州,112.239741,30.335165,湖北省,荆州市,荆州市,421000,市
30,8,2020/1/25,湖北,仙桃,113.454593,30.362641,湖北省,[],[],429000,市
31,5,2020/1/25,湖北,随州,113.382458,31.690215,湖北省,随州市,随州市,421300,市
32,11,2020/1/25,湖北,恩施州,109.488172,30.272156,湖北省,恩施土家族苗族自治州,恩施土家族苗族自治州,422800,市
33,1,2020/1/25,湖北,鄂州,114.894843,30.39194,湖北省,鄂州市,鄂州市,420700,市
34,3,2020/1/25,湖北,天门市,113.166558,30.66372,湖北省,[],[],429006,区县
35,70,2020/1/22,湖北,武汉市,114.305392,30.593098,湖北省,武汉市,武汉市,420100,市
36,7,2020/1/22,湖北,荆门市,112.199265,31.035423,湖北省,荆门市,荆门市,420800,市
37,2,2020/1/22,湖北,荆州市,112.239741,30.335165,湖北省,荆州市,荆州市,421000,市
38,2,2020/1/22,湖北,仙桃市,113.442973,30.328407,湖北省,[],[],429004,区县
39,1,2020/1/22,湖北,十堰市,110.79799,32.629397,湖北省,十堰市,十堰市,420300,市
40,1,2020/1/22,湖北,宜昌市,111.286471,30.691967,湖北省,宜昌市,宜昌市,420500,市
41,22,2020/1/22,湖北,孝感市,113.916902,30.924568,湖北省,孝感市,孝感市,420900,市
42,62,2020/1/22,湖北,武汉市,114.305392,30.593098,湖北省,武汉市,武汉市,420100,市
43,6,2020/1/22,湖北,荆州市,112.239741,30.335165,湖北省,荆州市,荆州市,421000,市
44,1,2020/1/22,湖北,荆门市,112.199265,31.035423,湖北省,荆门市,荆门市,420800,市
45,9,2020/1/25,湖北,咸宁,114.322492,29.841443,湖北省,咸宁市,咸宁市,421200,市
46,4,2020/1/25,湖北,咸宁,114.322492,29.841443,湖北省,咸宁市,咸宁市,421200,市
47,4,2020/1/25,湖北,咸宁,114.322492,29.841443,湖北省,咸宁市,咸宁市,421200,市
48,2,2020/1/25,湖北,咸宁,114.322492,29.841443,湖北省,咸宁市,咸宁市,421200,市
49,2,2020/1/25,湖北,咸宁,114.322492,29.841443,湖北省,咸宁市,咸宁市,421200,市
50,1,2020/1/25,湖北,咸宁,114.322492,29.841443,湖北省,咸宁市,咸宁市,421200,市
51,1,2020/1/25,湖北,咸宁,114.322492,29.841443,湖北省,咸宁市,咸宁市,421200,市
52,2,2020/1/25,湖北,咸宁,114.322492,29.841443,湖北省,咸宁市,咸宁市,421200,市
53,3,2020/1/25,湖北,咸宁,114.322492,29.841443,湖北省,咸宁市,咸宁市,421200,市
54,1,2020/1/25,湖北,襄阳,112.122414,32.008986,湖北省,襄阳市,襄阳市,420600,市
55,31,2020/1/26,湖北,黄石,115.03852,30.199652,湖北省,黄石市,黄石市,420200,市
56,46,2020/1/26,湖北,武汉,114.305392,30.593098,湖北省,武汉市,武汉市,420100,市
57,2,2020/1/26,湖北,襄阳,112.122414,32.008986,湖北省,襄阳市,襄阳市,420600,市
58,15,2020/1/26,湖北,十堰,110.79799,32.629397,湖北省,十堰市,十堰市,420300,市
59,19,2020/1/26,湖北,宜昌,111.286471,30.691967,湖北省,宜昌市,宜昌市,420500,市
60,23,2020/1/26,湖北,荆州,112.239741,30.335165,湖北省,荆州市,荆州市,421000,市
61,17,2020/1/26,湖北,荆门,112.199265,31.035423,湖北省,荆门市,荆门市,420800,市
62,43,2020/1/26,湖北,咸宁,114.322492,29.841443,湖北省,咸宁市,咸宁市,421200,市
63,29,2020/1/26,湖北,孝感,113.916902,30.924568,湖北省,孝感市,孝感市,420900,市
64,58,2020/1/26,湖北,黄冈,114.872316,30.453905,湖北省,黄冈市,黄冈市,421100,市
65,31,2020/1/26,湖北,随州,113.382458,31.690215,湖北省,随州市,随州市,421300,市
66,6,2020/1/26,湖北,恩施,109.488172,30.272156,湖北省,恩施土家族苗族自治州,恩施土家族苗族自治州,422800,市
67,1,2020/1/26,湖北,仙桃,113.454593,30.362641,湖北省,[],[],429000,市
68,2,2020/1/26,湖北,天门,113.175786,30.661214,湖北省,[],[],429006,村庄
69,80,2020/1/27,湖北,武汉,114.305392,30.593098,湖北省,武汉市,武汉市,420100,市
70,5,2020/1/27,湖北,黄石,115.03852,30.199652,湖北省,黄石市,黄石市,420200,市
71,20,2020/1/27,湖北,十堰,110.79799,32.629397,湖北省,十堰市,十堰市,420300,市
72,34,2020/1/27,湖北,襄阳,112.122414,32.008986,湖北省,襄阳市,襄阳市,420600,市
73,11,2020/1/27,湖北,宜昌,111.286471,30.691967,湖北省,宜昌市,宜昌市,420500,市
74,14,2020/1/27,湖北,荆州,112.239741,30.335165,湖北省,荆州市,荆州市,421000,市
75,52,2020/1/27,湖北,荆门,112.199265,31.035423,湖北省,荆门市,荆门市,420800,市
76,19,2020/1/27,湖北,鄂州,114.894843,30.39194,湖北省,鄂州市,鄂州市,420700,市
77,45,2020/1/27,湖北,孝感,113.916902,30.924568,湖北省,孝感市,孝感市,420900,市
78,32,2020/1/27,湖北,黄冈,114.872316,30.453905,湖北省,黄冈市,黄冈市,421100,市
79,21,2020/1/27,湖北,咸宁,114.322492,29.841443,湖北省,咸宁市,咸宁市,421200,市
80,16,2020/1/27,湖北,随州,113.382458,31.690215,湖北省,随州市,随州市,421300,市
81,8,2020/1/27,湖北,恩施,109.488172,30.272156,湖北省,恩施土家族苗族自治州,恩施土家族苗族自治州,422800,市
82,1,2020/1/27,湖北,仙桃,113.454593,30.362641,湖北省,[],[],429000,市
83,8,2020/1/27,湖北,天门,113.175786,30.661214,湖北省,[],[],429006,村庄
84,5,2020/1/27,湖北,潜江,112.900079,30.402109,湖北省,[],[],429000,市
85,892,2020/1/28,湖北,武汉,114.305392,30.593098,湖北省,武汉市,武汉市,420100,市
86,17,2020/1/28,湖北,黄石,115.03852,30.199652,湖北省,黄石市,黄石市,420200,市
87,25,2020/1/28,湖北,十堰,110.79799,32.629397,湖北省,十堰市,十堰市,420300,市
88,34,2020/1/28,湖北,襄阳,112.122414,32.008986,湖北省,襄阳市,襄阳市,420600,市
89,20,2020/1/28,湖北,宜昌,111.286471,30.691967,湖北省,宜昌市,宜昌市,420500,市
90,24,2020/1/28,湖北,荆州,112.239741,30.335165,湖北省,荆州市,荆州市,421000,市
91,24,2020/1/28,湖北,荆门,112.199265,31.035423,湖北省,荆门市,荆门市,420800,市
92,37,2020/1/28,湖北,鄂州,114.894843,30.39194,湖北省,鄂州市,鄂州市,420700,市
93,73,2020/1/28,湖北,孝感,113.916902,30.924568,湖北省,孝感市,孝感市,420900,市
94,59,2020/1/28,湖北,黄冈,114.872316,30.453905,湖北省,黄冈市,黄冈市,421100,市
95,27,2020/1/28,湖北,咸宁,114.322492,29.841443,湖北省,咸宁市,咸宁市,421200,市
96,18,2020/1/28,湖北,随州,113.382458,31.690215,湖北省,随州市,随州市,421300,市
97,13,2020/1/28,湖北,恩施,109.488172,30.272156,湖北省,恩施土家族苗族自治州,恩施土家族苗族自治州,422800,市
98,15,2020/1/28,湖北,仙桃,113.454593,30.362641,湖北省,[],[],429000,市
99,10,2020/1/28,湖北,天门,113.175786,30.661214,湖北省,[],[],429006,村庄
100,2,2020/1/28,湖北,潜江,112.900079,30.402109,湖北省,[],[],429000,市
101,1,2020/1/28,湖北,神农架林区,110.675757,31.744897,湖北省,[],[],429021,区县
102,2,2020/1/20,北京,北京,116.407526,39.90403,北京市,北京市,北京市,110000,省
103,2,2020/1/21,北京,北京,116.407526,39.90403,北京市,北京市,北京市,110000,省
104,1,2020/1/22,北京,北京,116.407526,39.90403,北京市,北京市,北京市,110000,省
105,1,2020/1/21,北京,北京,116.407526,39.90403,北京市,北京市,北京市,110000,省
106,1,2020/1/21,北京,北京,116.407526,39.90403,北京市,北京市,北京市,110000,省
107,1,2020/1/21,北京,北京,116.407526,39.90403,北京市,北京市,北京市,110000,省
108,1,2020/1/21,北京,北京,116.407526,39.90403,北京市,北京市,北京市,110000,省
109,1,2020/1/21,北京,北京,116.407526,39.90403,北京市,北京市,北京市,110000,省
110,1,2020/1/22,北京,北京,116.407526,39.90403,北京市,北京市,北京市,110000,省
111,1,2020/1/22,北京,北京,116.407526,39.90403,北京市,北京市,北京市,110000,省
112,1,2020/1/22,北京,北京,116.407526,39.90403,北京市,北京市,北京市,110000,省
113,1,2020/1/22,北京,北京,116.407526,39.90403,北京市,北京市,北京市,110000,省
114,1,2020/1/23,北京,北京,116.407526,39.90403,北京市,北京市,北京市,110000,省
115,1,2020/1/23,北京,北京,116.407526,39.90403,北京市,北京市,北京市,110000,省
116,1,2020/1/23,北京,北京,116.407526,39.90403,北京市,北京市,北京市,110000,省
117,1,2020/1/23,北京,北京,116.407526,39.90403,北京市,北京市,北京市,110000,省
118,1,2020/1/23,北京,北京,116.407526,39.90403,北京市,北京市,北京市,110000,省
119,1,2020/1/23,北京,北京,116.407526,39.90403,北京市,北京市,北京市,110000,省
120,1,2020/1/23,北京,北京,116.407526,39.90403,北京市,北京市,北京市,110000,省
121,1,2020/1/23,北京,北京,116.407526,39.90403,北京市,北京市,北京市,110000,省
122,1,2020/1/24,北京,北京,116.407526,39.90403,北京市,北京市,北京市,110000,省
123,1,2020/1/24,北京,北京,116.407526,39.90403,北京市,北京市,北京市,110000,省
124,1,2020/1/24,北京,北京,116.407526,39.90403,北京市,北京市,北京市,110000,省
125,1,2020/1/24,北京,北京,116.407526,39.90403,北京市,北京市,北京市,110000,省
126,2,2020/1/24,北京,北京,116.407526,39.90403,北京市,北京市,北京市,110000,省
127,1,2020/1/24,北京,北京,116.407526,39.90403,北京市,北京市,北京市,110000,省
128,1,2020/1/24,北京,北京,116.407526,39.90403,北京市,北京市,北京市,110000,省
129,1,2020/1/24,北京,北京,116.407526,39.90403,北京市,北京市,北京市,110000,省
130,1,2020/1/24,北京,北京,116.407526,39.90403,北京市,北京市,北京市,110000,省
131,1,2020/1/24,北京,北京,116.407526,39.90403,北京市,北京市,北京市,110000,省
132,1,2020/1/24,北京,北京,116.407526,39.90403,北京市,北京市,北京市,110000,省
133,1,2020/1/24,北京,北京,116.407526,39.90403,北京市,北京市,北京市,110000,省
134,1,2020/1/24,北京,北京,116.407526,39.90403,北京市,北京市,北京市,110000,省
135,1,2020/1/25,北京,北京,116.407526,39.90403,北京市,北京市,北京市,110000,省
136,1,2020/1/25,北京,北京,116.407526,39.90403,北京市,北京市,北京市,110000,省
137,1,2020/1/25,北京,北京,116.407526,39.90403,北京市,北京市,北京市,110000,省
138,1,2020/1/25,北京,北京,116.407526,39.90403,北京市,北京市,北京市,110000,省
139,1,2020/1/25,北京,北京,116.407526,39.90403,北京市,北京市,北京市,110000,省
140,1,2020/1/26,北京,北京,116.407526,39.90403,北京市,北京市,北京市,110000,省
141,1,2020/1/26,北京,北京,116.407526,39.90403,北京市,北京市,北京市,110000,省
142,1,2020/1/26,北京,北京,116.407526,39.90403,北京市,北京市,北京市,110000,省
143,1,2020/1/26,北京,北京,116.407526,39.90403,北京市,北京市,北京市,110000,省
144,1,2020/1/26,北京,北京,116.407526,39.90403,北京市,北京市,北京市,110000,省
145,1,2020/1/26,北京,北京,116.407526,39.90403,北京市,北京市,北京市,110000,省
146,1,2020/1/26,北京,北京,116.407526,39.90403,北京市,北京市,北京市,110000,省
147,1,2020/1/26,北京,北京,116.407526,39.90403,北京市,北京市,北京市,110000,省
148,1,2020/1/26,北京,北京,116.407526,39.90403,北京市,北京市,北京市,110000,省
149,1,2020/1/26,北京,北京,116.407526,39.90403,北京市,北京市,北京市,110000,省
150,1,2020/1/26,北京,北京,116.407526,39.90403,北京市,北京市,北京市,110000,省
151,1,2020/1/26,北京,北京,116.407526,39.90403,北京市,北京市,北京市,110000,省
152,1,2020/1/26,北京,北京,116.407526,39.90403,北京市,北京市,北京市,110000,省
153,1,2020/1/26,北京,北京,116.407526,39.90403,北京市,北京市,北京市,110000,省
154,1,2020/1/26,北京,北京,116.407526,39.90403,北京市,北京市,北京市,110000,省
155,1,2020/1/26,北京,北京,116.407526,39.90403,北京市,北京市,北京市,110000,省
156,1,2020/1/26,北京,北京,116.407526,39.90403,北京市,北京市,北京市,110000,省
157,1,2020/1/26,北京,北京,116.407526,39.90403,北京市,北京市,北京市,110000,省
158,1,2020/1/26,北京,北京,116.407526,39.90403,北京市,北京市,北京市,110000,省
159,1,2020/1/26,北京,北京,116.407526,39.90403,北京市,北京市,北京市,110000,省
160,1,2020/1/26,北京,北京,116.407526,39.90403,北京市,北京市,北京市,110000,省
161,1,2020/1/26,北京,北京,116.407526,39.90403,北京市,北京市,北京市,110000,省
162,1,2020/1/26,北京,北京,116.407526,39.90403,北京市,北京市,北京市,110000,省
163,1,2020/1/26,北京,北京,116.407526,39.90403,北京市,北京市,北京市,110000,省
164,1,2020/1/26,北京,北京,116.407526,39.90403,北京市,北京市,北京市,110000,省
165,1,2020/1/26,北京,北京,116.407526,39.90403,北京市,北京市,北京市,110000,省
166,1,2020/1/26,北京,北京,116.407526,39.90403,北京市,北京市,北京市,110000,省
167,1,2020/1/27,北京,北京,116.407526,39.90403,北京市,北京市,北京市,110000,省
168,1,2020/1/27,北京,北京,116.407526,39.90403,北京市,北京市,北京市,110000,省
169,1,2020/1/27,北京,北京,116.407526,39.90403,北京市,北京市,北京市,110000,省
170,1,2020/1/27,北京,北京,116.407526,39.90403,北京市,北京市,北京市,110000,省
171,1,2020/1/27,北京,北京,116.407526,39.90403,北京市,北京市,北京市,110000,省
172,1,2020/1/27,北京,北京,116.407526,39.90403,北京市,北京市,北京市,110000,省
173,1,2020/1/27,北京,北京,116.407526,39.90403,北京市,北京市,北京市,110000,省
174,1,2020/1/27,北京,北京,116.407526,39.90403,北京市,北京市,北京市,110000,省
175,1,2020/1/27,北京,北京,116.407526,39.90403,北京市,北京市,北京市,110000,省
176,1,2020/1/27,北京,北京,116.407526,39.90403,北京市,北京市,北京市,110000,省
177,1,2020/1/27,北京,北京,116.407526,39.90403,北京市,北京市,北京市,110000,省
178,1,2020/1/27,北京,北京,116.407526,39.90403,北京市,北京市,北京市,110000,省
179,1,2020/1/20,广东,深圳,114.057868,22.543099,广东省,深圳市,深圳市,440300,市
180,1,2020/1/20,广东,珠海,113.576726,22.270715,广东省,珠海市,珠海市,440400,市
181,1,2020/1/20,广东,珠海,113.576726,22.270715,广东省,珠海市,珠海市,440400,市
182,1,2020/1/20,广东,珠海,113.576726,22.270715,广东省,珠海市,珠海市,440400,市
183,1,2020/1/20,广东,深圳,114.057868,22.543099,广东省,深圳市,深圳市,440300,市
184,1,2020/1/20,广东,深圳,114.057868,22.543099,广东省,深圳市,深圳市,440300,市
185,1,2020/1/20,广东,深圳,114.057868,22.543099,广东省,深圳市,深圳市,440300,市
186,1,2020/1/20,广东,深圳,114.057868,22.543099,广东省,深圳市,深圳市,440300,市
187,1,2020/1/20,广东,深圳,114.057868,22.543099,广东省,深圳市,深圳市,440300,市
188,1,2020/1/20,广东,深圳,114.057868,22.543099,广东省,深圳市,深圳市,440300,市
189,1,2020/1/20,广东,深圳,114.057868,22.543099,广东省,深圳市,深圳市,440300,市
190,1,2020/1/20,广东,深圳,114.057868,22.543099,广东省,深圳市,深圳市,440300,市
191,1,2020/1/20,广东,惠州,114.416196,23.111847,广东省,惠州市,惠州市,441300,市
192,1,2020/1/20,广东,湛江,110.359377,21.270707,广东省,湛江市,湛江市,440800,市
193,1,2020/1/22,广东,珠海,113.576726,22.270715,广东省,珠海市,珠海市,440400,市
194,1,2020/1/21,广东,深圳,114.057868,22.543099,广东省,深圳市,深圳市,440300,市
195,1,2020/1/21,广东,湛江,110.359377,21.270707,广东省,湛江市,湛江市,440800,市
196,1,2020/1/22,广东,深圳,114.057868,22.543099,广东省,深圳市,深圳市,440300,市
197,1,2020/1/22,广东,深圳,114.057868,22.543099,广东省,深圳市,深圳市,440300,市
198,1,2020/1/22,广东,深圳,114.057868,22.543099,广东省,深圳市,深圳市,440300,市
199,1,2020/1/22,广东,深圳,114.057868,22.543099,广东省,深圳市,深圳市,440300,市
200,1,2020/1/22,广东,佛山,113.121416,23.021548,广东省,佛山市,佛山市,440600,市
201,1,2020/1/22,广东,广州,113.264434,23.129162,广东省,广州市,广州市,440100,市
202,1,2020/1/22,广东,广州,113.264434,23.129162,广东省,广州市,广州市,440100,市
203,1,2020/1/22,广东,韶关,113.597522,24.810403,广东省,韶关市,韶关市,440200,市
204,1,2020/1/22,广东,韶关,113.597522,24.810403,广东省,韶关市,韶关市,440200,市
205,1,2020/1/23,广东,深圳,114.057868,22.543099,广东省,深圳市,深圳市,440300,市
206,3,2020/1/23,广东,广州,113.264434,23.129162,广东省,广州市,广州市,440100,市
207,1,2020/1/23,广东,中山,113.392782,22.517645,广东省,中山市,中山市,442000,市
208,1,2020/1/23,广东,肇庆,112.465091,23.047191,广东省,肇庆市,肇庆市,441200,市
209,1,2020/1/24,广东,阳江,111.982232,21.857958,广东省,阳江市,阳江市,441700,市
210,1,2020/1/24,广东,阳江,111.982232,21.857958,广东省,阳江市,阳江市,441700,市
211,1,2020/1/24,广东,阳江,111.982232,21.857958,广东省,阳江市,阳江市,441700,市
212,1,2020/1/24,广东,清远,113.056031,23.681763,广东省,清远市,清远市,441800,市
213,1,2020/1/24,广东,珠海,113.576726,22.270715,广东省,珠海市,珠海市,440400,市
214,1,2020/1/24,广东,珠海,113.576726,22.270715,广东省,珠海市,珠海市,440400,市
215,1,2020/1/24,广东,珠海,113.576726,22.270715,广东省,珠海市,珠海市,440400,市
216,1,2020/1/24,广东,珠海,113.576726,22.270715,广东省,珠海市,珠海市,440400,市
217,1,2020/1/24,广东,韶关,113.597522,24.810403,广东省,韶关市,韶关市,440200,市
218,1,2020/1/24,广东,佛山,113.121416,23.021548,广东省,佛山市,佛山市,440600,市
219,1,2020/1/24,广东,佛山,113.121416,23.021548,广东省,佛山市,佛山市,440600,市
220,1,2020/1/24,广东,佛山,113.121416,23.021548,广东省,佛山市,佛山市,440600,市
221,1,2020/1/24,广东,佛山,113.121416,23.021548,广东省,佛山市,佛山市,440600,市
222,1,2020/1/24,广东,佛山,113.121416,23.021548,广东省,佛山市,佛山市,440600,市
223,1,2020/1/24,广东,中山,113.392782,22.517645,广东省,中山市,中山市,442000,市
224,4,2020/1/24,广东,惠州,114.416196,23.111847,广东省,惠州市,惠州市,441300,市
225,2,2020/1/24,广东,广州,113.264434,23.129162,广东省,广州市,广州市,440100,市
226,1,2020/1/25,广东,清远,113.056031,23.681763,广东省,清远市,清远市,441800,市
227,1,2020/1/26,广东,肇庆,112.465091,23.047191,广东省,肇庆市,肇庆市,441200,市
228,1,2020/1/25,广东,汕头,116.681972,23.354091,广东省,汕头市,汕头市,440500,市
229,1,2020/1/25,广东,东莞,113.751765,23.020536,广东省,东莞市,东莞市,441900,市
230,1,2020/1/25,广东,珠海,113.576726,22.270715,广东省,珠海市,珠海市,440400,市
231,1,2020/1/25,广东,珠海,113.576726,22.270715,广东省,珠海市,珠海市,440400,市
232,1,2020/1/25,广东,阳江,111.982232,21.857958,广东省,阳江市,阳江市,441700,市
233,1,2020/1/25,广东,阳江,111.982232,21.857958,广东省,阳江市,阳江市,441700,市
234,1,2020/1/25,广东,深圳,114.057868,22.543099,广东省,深圳市,深圳市,440300,市
235,1,2020/1/25,广东,深圳,114.057868,22.543099,广东省,深圳市,深圳市,440300,市
236,1,2020/1/25,广东,深圳,114.057868,22.543099,广东省,深圳市,深圳市,440300,市
237,1,2020/1/25,广东,深圳,114.057868,22.543099,广东省,深圳市,深圳市,440300,市
238,1,2020/1/25,广东,深圳,114.057868,22.543099,广东省,深圳市,深圳市,440300,市
239,1,2020/1/25,广东,深圳,114.057868,22.543099,广东省,深圳市,深圳市,440300,市
240,1,2020/1/25,广东,佛山,113.121416,23.021548,广东省,佛山市,佛山市,440600,市
241,1,2020/1/25,广东,佛山,113.121416,23.021548,广东省,佛山市,佛山市,440600,市
242,1,2020/1/25,广东,惠州,114.416196,23.111847,广东省,惠州市,惠州市,441300,市
243,1,2020/1/25,广东,惠州,114.416196,23.111847,广东省,惠州市,惠州市,441300,市
244,7,2020/1/25,广东,广州,113.264434,23.129162,广东省,广州市,广州市,440100,市
245,3,2020/1/26,广东,揭阳,116.372831,23.549993,广东省,揭阳市,揭阳市,445200,市
246,6,2020/1/26,广东,深圳,114.057868,22.543099,广东省,深圳市,深圳市,440300,市
247,1,2020/1/26,广东,汕头,116.681972,23.354091,广东省,汕头市,汕头市,440500,市
248,2,2020/1/26,广东,佛山,113.121416,23.021548,广东省,佛山市,佛山市,440600,市
249,1,2020/1/26,广东,惠州,114.416196,23.111847,广东省,惠州市,惠州市,441300,市
250,1,2020/1/26,广东,东莞,113.751765,23.020536,广东省,东莞市,东莞市,441900,市
251,1,2020/1/26,广东,阳江,111.982232,21.857958,广东省,阳江市,阳江市,441700,市
252,2,2020/1/26,广东,湛江,110.359377,21.270707,广东省,湛江市,湛江市,440800,市
253,2,2020/1/26,广东,肇庆,112.465091,23.047191,广东省,肇庆市,肇庆市,441200,市
254,1,2020/1/26,广东,清远,113.056031,23.681763,广东省,清远市,清远市,441800,市
255,1,2020/1/26,广东,梅州,116.122238,24.288615,广东省,梅州市,梅州市,441400,市
256,3,2020/1/26,广东,广州,113.264434,23.129162,广东省,广州市,广州市,440100,市
257,4,2020/1/26,广东,深圳,114.057868,22.543099,广东省,深圳市,深圳市,440300,市
258,2,2020/1/26,广东,珠海,113.576726,22.270715,广东省,珠海市,珠海市,440400,市
259,1,2020/1/26,广东,韶关,113.597522,24.810403,广东省,韶关市,韶关市,440200,市
260,2,2020/1/26,广东,阳江,111.982232,21.857958,广东省,阳江市,阳江市,441700,市
261,1,2020/1/27,广东,汕尾,115.375278,22.786211,广东省,汕尾市,汕尾市,441500,市
262,22,2020/1/27,广东,广州,113.264434,23.129162,广东省,广州市,广州市,440100,市
263,5,2020/1/27,广东,深圳,114.057868,22.543099,广东省,深圳市,深圳市,440300,市
264,4,2020/1/27,广东,佛山,113.121416,23.021548,广东省,佛山市,佛山市,440600,市
265,2,2020/1/27,广东,中山,113.392782,22.517645,广东省,中山市,中山市,442000,市
266,1,2020/1/27,广东,湛江,110.359377,21.270707,广东省,湛江市,湛江市,440800,市
267,2,2020/1/27,广东,广州,113.264434,23.129162,广东省,广州市,广州市,440100,市
268,2,2020/1/27,广东,梅州,116.122238,24.288615,广东省,梅州市,梅州市,441400,市
269,1,2020/1/27,广东,中山,113.392782,22.517645,广东省,中山市,中山市,442000,市
270,10,2020/1/28,广东,广州,113.264434,23.129162,广东省,广州市,广州市,440100,市
271,13,2020/1/28,广东,深圳,114.057868,22.543099,广东省,深圳市,深圳市,440300,市
272,3,2020/1/28,广东,汕头,116.681972,23.354091,广东省,汕头市,汕头市,440500,市
273,4,2020/1/28,广东,佛山,113.121416,23.021548,广东省,佛山市,佛山市,440600,市
274,3,2020/1/28,广东,惠州,114.416196,23.111847,广东省,惠州市,惠州市,441300,市
275,1,2020/1/28,广东,中山,113.392782,22.517645,广东省,中山市,中山市,442000,市
276,2,2020/1/28,广东,清远,113.056031,23.681763,广东省,清远市,清远市,441800,市
277,1,2020/1/28,广东,揭阳,116.372831,23.549993,广东省,揭阳市,揭阳市,445200,市
278,1,2020/1/20,上海,上海,121.473701,31.230416,上海市,上海市,上海市,310000,省
279,1,2020/1/21,上海,上海,121.473701,31.230416,上海市,上海市,上海市,310000,省
280,4,2020/1/21,上海,上海,121.473701,31.230416,上海市,上海市,上海市,310000,省
281,3,2020/1/22,上海,上海,121.473701,31.230416,上海市,上海市,上海市,310000,省
282,7,2020/1/23,上海,上海,121.473701,31.230416,上海市,上海市,上海市,310000,省
283,4,2020/1/24,上海,上海,121.473701,31.230416,上海市,上海市,上海市,310000,省
284,13,2020/1/25,上海,上海,121.473701,31.230416,上海市,上海市,上海市,310000,省
285,7,2020/1/26,上海,上海,121.473701,31.230416,上海市,上海市,上海市,310000,省
286,13,2020/1/27,上海,上海,121.473701,31.230416,上海市,上海市,上海市,310000,省
287,13,2020/1/28,上海,上海,121.473701,31.230416,上海市,上海市,上海市,310000,省
288,1,2020/1/22,浙江,杭州,120.15507,30.274084,浙江省,杭州市,杭州市,330100,市
289,1,2020/1/22,浙江,宁波,121.550357,29.874556,浙江省,宁波市,宁波市,330200,市
290,2,2020/1/22,浙江,宁波,121.550357,29.874556,浙江省,宁波市,宁波市,330200,市
291,1,2020/1/21,浙江,温州,120.699366,27.994267,浙江省,温州市,温州市,330300,市
292,3,2020/1/22,浙江,温州,120.699366,27.994267,浙江省,温州市,温州市,330300,市
293,1,2020/1/22,浙江,舟山,122.207215,29.985295,浙江省,舟山市,舟山市,330900,市
294,1,2020/1/22,浙江,台州,121.420757,28.656386,浙江省,台州市,台州市,331000,市
295,5,2020/1/23,浙江,杭州,120.15507,30.274084,浙江省,杭州市,杭州市,330100,市
296,1,2020/1/23,浙江,宁波,121.550357,29.874556,浙江省,宁波市,宁波市,330200,市
297,1,2020/1/23,浙江,宁波,121.550357,29.874556,浙江省,宁波市,宁波市,330200,市
298,2,2020/1/23,浙江,温州,120.699366,27.994267,浙江省,温州市,温州市,330300,市
299,1,2020/1/23,浙江,绍兴,120.580232,30.029752,浙江省,绍兴市,绍兴市,330600,市
300,1,2020/1/23,浙江,金华,119.647444,29.079059,浙江省,金华市,金华市,330700,市
301,1,2020/1/23,浙江,衢州,118.859457,28.970079,浙江省,衢州市,衢州市,330800,市
302,5,2020/1/23,浙江,台州,121.420757,28.656386,浙江省,台州市,台州市,331000,市
303,2,2020/1/24,浙江,嘉兴,120.755486,30.746129,浙江省,嘉兴市,嘉兴市,330400,市
304,1,2020/1/24,浙江,嘉兴,120.755486,30.746129,浙江省,嘉兴市,嘉兴市,330400,市
305,1,2020/1/24,浙江,衢州,118.859457,28.970079,浙江省,衢州市,衢州市,330800,市
306,12,2020/1/24,浙江,台州,121.420757,28.656386,浙江省,台州市,台州市,331000,市
307,6,2020/1/25,浙江,杭州,120.15507,30.274084,浙江省,杭州市,杭州市,330100,市
308,1,2020/1/25,浙江,宁波,121.550357,29.874556,浙江省,宁波市,宁波市,330200,市
309,4,2020/1/25,浙江,温州,120.699366,27.994267,浙江省,温州市,温州市,330300,市
310,1,2020/1/25,浙江,嘉兴,120.755486,30.746129,浙江省,嘉兴市,嘉兴市,330400,市
311,1,2020/1/25,浙江,绍兴,120.580232,30.029752,浙江省,绍兴市,绍兴市,330600,市
312,1,2020/1/25,浙江,绍兴,120.580232,30.029752,浙江省,绍兴市,绍兴市,330600,市
313,1,2020/1/25,浙江,绍兴,120.580232,30.029752,浙江省,绍兴市,绍兴市,330600,市
314,1,2020/1/25,浙江,舟山,122.207215,29.985295,浙江省,舟山市,舟山市,330900,市
315,1,2020/1/25,浙江,金华,119.647444,29.079059,浙江省,金华市,金华市,330700,市
316,1,2020/1/25,浙江,台州,121.420757,28.656386,浙江省,台州市,台州市,331000,市
317,1,2020/1/25,浙江,台州,121.420757,28.656386,浙江省,台州市,台州市,331000,市
318,1,2020/1/26,浙江,杭州,120.15507,30.274084,浙江省,杭州市,杭州市,330100,市
319,1,2020/1/26,浙江,杭州,120.15507,30.274084,浙江省,杭州市,杭州市,330100,市
320,1,2020/1/26,浙江,杭州,120.15507,30.274084,浙江省,杭州市,杭州市,330100,市
321,1,2020/1/26,浙江,杭州,120.15507,30.274084,浙江省,杭州市,杭州市,330100,市
322,1,2020/1/26,浙江,杭州,120.15507,30.274084,浙江省,杭州市,杭州市,330100,市
323,1,2020/1/26,浙江,杭州,120.15507,30.274084,浙江省,杭州市,杭州市,330100,市
324,1,2020/1/26,浙江,杭州,120.15507,30.274084,浙江省,杭州市,杭州市,330100,市
325,1,2020/1/26,浙江,杭州,120.15507,30.274084,浙江省,杭州市,杭州市,330100,市
326,1,2020/1/26,浙江,杭州,120.15507,30.274084,浙江省,杭州市,杭州市,330100,市
327,1,2020/1/26,浙江,杭州,120.15507,30.274084,浙江省,杭州市,杭州市,330100,市
328,1,2020/1/26,浙江,杭州,120.15507,30.274084,浙江省,杭州市,杭州市,330100,市
329,1,2020/1/26,浙江,杭州,120.15507,30.274084,浙江省,杭州市,杭州市,330100,市
330,1,2020/1/26,浙江,杭州,120.15507,30.274084,浙江省,杭州市,杭州市,330100,市
331,1,2020/1/26,浙江,杭州,120.15507,30.274084,浙江省,杭州市,杭州市,330100,市
332,1,2020/1/26,浙江,杭州,120.15507,30.274084,浙江省,杭州市,杭州市,330100,市
333,1,2020/1/26,浙江,宁波,121.550357,29.874556,浙江省,宁波市,宁波市,330200,市
334,1,2020/1/26,浙江,宁波,121.550357,29.874556,浙江省,宁波市,宁波市,330200,市
335,1,2020/1/26,浙江,宁波,121.550357,29.874556,浙江省,宁波市,宁波市,330200,市
336,1,2020/1/26,浙江,宁波,121.550357,29.874556,浙江省,宁波市,宁波市,330200,市
337,1,2020/1/26,浙江,宁波,121.550357,29.874556,浙江省,宁波市,宁波市,330200,市
338,1,2020/1/26,浙江,宁波,121.550357,29.874556,浙江省,宁波市,宁波市,330200,市
339,1,2020/1/26,浙江,宁波,121.550357,29.874556,浙江省,宁波市,宁波市,330200,市
340,8,2020/1/26,浙江,温州,120.699366,27.994267,浙江省,温州市,温州市,330300,市
341,1,2020/1/26,浙江,湖州,120.086823,30.894348,浙江省,湖州市,湖州市,330500,市
342,1,2020/1/26,浙江,嘉兴,120.755486,30.746129,浙江省,嘉兴市,嘉兴市,330400,市
343,1,2020/1/26,浙江,嘉兴,120.755486,30.746129,浙江省,嘉兴市,嘉兴市,330400,市
344,1,2020/1/26,浙江,嘉兴,120.755486,30.746129,浙江省,嘉兴市,嘉兴市,330400,市
345,1,2020/1/26,浙江,嘉兴,120.755486,30.746129,浙江省,嘉兴市,嘉兴市,330400,市
346,1,2020/1/26,浙江,绍兴,120.580232,30.029752,浙江省,绍兴市,绍兴市,330600,市
347,1,2020/1/26,浙江,金华,119.647444,29.079059,浙江省,金华市,金华市,330700,市
348,1,2020/1/26,浙江,衢州,118.859457,28.970079,浙江省,衢州市,衢州市,330800,市
349,1,2020/1/26,浙江,台州,121.420757,28.656386,浙江省,台州市,台州市,331000,市
350,1,2020/1/26,浙江,丽水,119.922796,28.46763,浙江省,丽水市,丽水市,331100,市
351,1,2020/1/26,浙江,丽水,119.922796,28.46763,浙江省,丽水市,丽水市,331100,市
352,1,2020/1/26,浙江,丽水,119.922796,28.46763,浙江省,丽水市,丽水市,331100,市
353,14,2020/1/27,浙江,温州,120.699366,27.994267,浙江省,温州市,温州市,330300,市
354,2,2020/1/27,浙江,湖州,120.086823,30.894348,浙江省,湖州市,湖州市,330500,市
355,1,2020/1/27,浙江,绍兴,120.580232,30.029752,浙江省,绍兴市,绍兴市,330600,市
356,2,2020/1/27,浙江,舟山,122.207215,29.985295,浙江省,舟山市,舟山市,330900,市
357,2,2020/1/27,浙江,金华,119.647444,29.079059,浙江省,金华市,金华市,330700,市
358,2,2020/1/27,浙江,衢州,118.859457,28.970079,浙江省,衢州市,衢州市,330800,市
359,1,2020/1/27,浙江,台州,121.420757,28.656386,浙江省,台州市,台州市,331000,市
360,5,2020/1/28,浙江,杭州,120.15507,30.274084,浙江省,杭州市,杭州市,330100,市
361,4,2020/1/28,浙江,宁波,121.550357,29.874556,浙江省,宁波市,宁波市,330200,市
362,28,2020/1/28,浙江,温州,120.699366,27.994267,浙江省,温州市,温州市,330300,市
363,3,2020/1/28,浙江,嘉兴,120.755486,30.746129,浙江省,嘉兴市,嘉兴市,330400,市
364,1,2020/1/28,浙江,绍兴,120.580232,30.029752,浙江省,绍兴市,绍兴市,330600,市
365,2,2020/1/28,浙江,金华,119.647444,29.079059,浙江省,金华市,金华市,330700,市
366,2,2020/1/28,浙江,丽水,119.922796,28.46763,浙江省,丽水市,丽水市,331100,市
367,1,2020/1/22,云南,昆明,102.832891,24.880095,云南省,昆明市,昆明市,530100,市
368,1,2020/1/23,云南,昆明,102.832891,24.880095,云南省,昆明市,昆明市,530100,市
369,1,2020/1/24,云南,西双版纳,100.797777,22.007351,云南省,西双版纳傣族自治州,西双版纳傣族自治州,532800,市
370,1,2020/1/24,云南,丽江,100.22775,26.855047,云南省,丽江市,丽江市,530700,市
371,1,2020/1/24,云南,昆明,102.832891,24.880095,云南省,昆明市,昆明市,530100,市
372,1,2020/1/25,云南,曲靖,103.796167,25.489999,云南省,曲靖市,曲靖市,530300,市
373,1,2020/1/25,云南,玉溪,102.546543,24.352036,云南省,玉溪市,玉溪市,530400,市
374,1,2020/1/25,云南,红河州,103.374799,23.36313,云南省,红河哈尼族彝族自治州,红河哈尼族彝族自治州,532500,市
375,1,2020/1/25,云南,大理,100.267638,25.606486,云南省,大理白族自治州,大理白族自治州,532900,市
376,1,2020/1/25,云南,丽江,100.22775,26.855047,云南省,丽江市,丽江市,530700,市
377,1,2020/1/25,云南,昆明,102.832891,24.880095,云南省,昆明市,昆明市,530100,市
378,1,2020/1/27,云南,保山,99.161761,25.112046,云南省,保山市,保山市,530500,市
379,1,2020/1/27,云南,保山,99.161761,25.112046,云南省,保山市,保山市,530500,市
380,1,2020/1/27,云南,昭通,103.717465,27.338257,云南省,昭通市,昭通市,530600,市
381,1,2020/1/27,云南,德宏州,98.584895,24.433353,云南省,德宏傣族景颇族自治州,德宏傣族景颇族自治州,533100,市
382,1,2020/1/27,云南,德宏州,98.584895,24.433353,云南省,德宏傣族景颇族自治州,德宏傣族景颇族自治州,533100,市
383,1,2020/1/27,云南,昆明,102.832891,24.880095,云南省,昆明市,昆明市,530100,市
384,1,2020/1/27,云南,昆明,102.832891,24.880095,云南省,昆明市,昆明市,530100,市
385,1,2020/1/27,云南,昆明,102.832891,24.880095,云南省,昆明市,昆明市,530100,市
386,3,2020/1/27,云南,丽江,100.22775,26.855047,云南省,丽江市,丽江市,530700,市
387,1,2020/1/27,云南,保山,99.161761,25.112046,云南省,保山市,保山市,530500,市
388,1,2020/1/27,云南,曲靖,103.796167,25.489999,云南省,曲靖市,曲靖市,530300,市
389,1,2020/1/27,云南,红河州,103.374799,23.36313,云南省,红河哈尼族彝族自治州,红河哈尼族彝族自治州,532500,市
390,1,2020/1/27,云南,大理,100.267638,25.606486,云南省,大理白族自治州,大理白族自治州,532900,市
391,1,2020/1/22,福建,福州,119.296494,26.074507,福建省,福州市,福州市,350100,市
392,1,2020/1/25,福建,厦门,118.089425,24.479833,福建省,厦门市,厦门市,350200,市
393,1,2020/1/23,福建,泉州,118.675675,24.874132,福建省,泉州市,泉州市,350500,市
394,1,2020/1/23,福建,宁德,119.547932,26.665617,福建省,宁德市,宁德市,350900,市
395,1,2020/1/23,福建,福州,119.296494,26.074507,福建省,福州市,福州市,350100,市
396,2,2020/1/24,福建,福州,119.296494,26.074507,福建省,福州市,福州市,350100,市
397,2,2020/1/24,福建,厦门,118.089425,24.479833,福建省,厦门市,厦门市,350200,市
398,1,2020/1/24,福建,福州,119.296494,26.074507,福建省,福州市,福州市,350100,市
399,1,2020/1/25,福建,福州,119.296494,26.074507,福建省,福州市,福州市,350100,市
400,1,2020/1/25,福建,漳州,117.647481,24.512948,福建省,漳州市,漳州市,350600,市
401,1,2020/1/25,福建,漳州,117.647481,24.512948,福建省,漳州市,漳州市,350600,市
402,1,2020/1/25,福建,漳州,117.647481,24.512948,福建省,漳州市,漳州市,350600,市
403,1,2020/1/25,福建,泉州,118.675675,24.874132,福建省,泉州市,泉州市,350500,市
404,1,2020/1/25,福建,泉州,118.675675,24.874132,福建省,泉州市,泉州市,350500,市
405,1,2020/1/25,福建,三明,117.638678,26.263406,福建省,三明市,三明市,350400,市
406,1,2020/1/25,福建,宁德,119.547932,26.665617,福建省,宁德市,宁德市,350900,市
407,1,2020/1/26,福建,福州,119.296494,26.074507,福建省,福州市,福州市,350100,市
408,1,2020/1/26,福建,福州,119.296494,26.074507,福建省,福州市,福州市,350100,市
409,1,2020/1/26,福建,福州,119.296494,26.074507,福建省,福州市,福州市,350100,市
410,1,2020/1/26,福建,福州,119.296494,26.074507,福建省,福州市,福州市,350100,市
411,1,2020/1/26,福建,厦门,118.089425,24.479833,福建省,厦门市,厦门市,350200,市
412,1,2020/1/26,福建,漳州市,117.647481,24.512948,福建省,漳州市,漳州市,350600,市
413,1,2020/1/26,福建,泉州市,118.675675,24.874132,福建省,泉州市,泉州市,350500,市
414,1,2020/1/26,福建,三明市,117.638678,26.263406,福建省,三明市,三明市,350400,市
415,2,2020/1/26,福建,三明市,117.638678,26.263406,福建省,三明市,三明市,350400,市
416,1,2020/1/26,福建,宁德市,119.547932,26.665617,福建省,宁德市,宁德市,350900,市
417,1,2020/1/26,福建,福州,119.296494,26.074507,福建省,福州市,福州市,350100,市
418,1,2020/1/26,福建,福州,119.296494,26.074507,福建省,福州市,福州市,350100,市
419,1,2020/1/26,福建,福州,119.296494,26.074507,福建省,福州市,福州市,350100,市
420,1,2020/1/26,福建,莆田,119.007777,25.454084,福建省,莆田市,莆田市,350300,市
421,1,2020/1/26,福建,泉州,118.675675,24.874132,福建省,泉州市,泉州市,350500,市
422,1,2020/1/26,福建,南平,118.177708,26.641768,福建省,南平市,南平市,350700,市
423,3,2020/1/27,福建,福州,119.296494,26.074507,福建省,福州市,福州市,350100,市
424,1,2020/1/27,福建,福州,119.296494,26.074507,福建省,福州市,福州市,350100,市
425,3,2020/1/27,福建,泉州,118.675675,24.874132,福建省,泉州市,泉州市,350500,市
426,2,2020/1/27,福建,泉州,118.675675,24.874132,福建省,泉州市,泉州市,350500,市
427,2,2020/1/27,福建,莆田,119.007777,25.454084,福建省,莆田市,莆田市,350300,市
428,2,2020/1/27,福建,莆田,119.007777,25.454084,福建省,莆田市,莆田市,350300,市
429,2,2020/1/27,福建,莆田,119.007777,25.454084,福建省,莆田市,莆田市,350300,市
430,1,2020/1/27,福建,莆田,119.007777,25.454084,福建省,莆田市,莆田市,350300,市
431,1,2020/1/27,福建,莆田,119.007777,25.454084,福建省,莆田市,莆田市,350300,市
432,1,2020/1/27,福建,南平,118.177708,26.641768,福建省,南平市,南平市,350700,市
433,3,2020/1/27,福建,宁德,119.547932,26.665617,福建省,宁德市,宁德市,350900,市
434,1,2020/1/27,福建,福州,119.296494,26.074507,福建省,福州市,福州市,350100,市
435,1,2020/1/27,福建,漳州,117.647481,24.512948,福建省,漳州市,漳州市,350600,市
436,1,2020/1/27,福建,莆田,119.007777,25.454084,福建省,莆田市,莆田市,350300,市
437,1,2020/1/28,福建,厦门,118.089425,24.479833,福建省,厦门市,厦门市,350200,市
438,1,2020/1/28,福建,泉州,118.675675,24.874132,福建省,泉州市,泉州市,350500,市
439,1,2020/1/28,福建,泉州,118.675675,24.874132,福建省,泉州市,泉州市,350500,市
440,1,2020/1/28,福建,泉州,118.675675,24.874132,福建省,泉州市,泉州市,350500,市
441,2,2020/1/28,福建,三明,117.638678,26.263406,福建省,三明市,三明市,350400,市
442,1,2020/1/28,福建,三明,117.638678,26.263406,福建省,三明市,三明市,350400,市
443,1,2020/1/28,福建,三明,117.638678,26.263406,福建省,三明市,三明市,350400,市
444,3,2020/1/28,福建,莆田,119.007777,25.454084,福建省,莆田市,莆田市,350300,市
445,1,2020/1/28,福建,莆田,119.007777,25.454084,福建省,莆田市,莆田市,350300,市
446,1,2020/1/28,福建,南平,118.177708,26.641768,福建省,南平市,南平市,350700,市
447,1,2020/1/28,福建,龙岩,117.017536,25.075123,福建省,龙岩市,龙岩市,350800,市
448,2,2020/1/28,福建,福州,119.296494,26.074507,福建省,福州市,福州市,350100,市
449,2,2020/1/28,福建,福州,119.296494,26.074507,福建省,福州市,福州市,350100,市
450,1,2020/1/28,福建,福州,119.296494,26.074507,福建省,福州市,福州市,350100,市
451,1,2020/1/28,福建,福州,119.296494,26.074507,福建省,福州市,福州市,350100,市
452,1,2020/1/28,福建,漳州,117.647481,24.512948,福建省,漳州市,漳州市,350600,市
453,1,2020/1/22,四川,成都,104.066541,30.572269,四川省,成都市,成都市,510100,市
454,1,2020/1/22,四川,广安,106.633212,30.455961,四川省,广安市,广安市,511600,市
455,1,2020/1/22,四川,成都,104.066541,30.572269,四川省,成都市,成都市,510100,市
456,1,2020/1/22,四川,绵阳,104.679114,31.46745,四川省,绵阳市,绵阳市,510700,市
457,1,2020/1/22,四川,广安,106.633212,30.455961,四川省,广安市,广安市,511600,市
458,1,2020/1/23,四川,成都,104.066541,30.572269,四川省,成都市,成都市,510100,市
459,1,2020/1/23,四川,成都,104.066541,30.572269,四川省,成都市,成都市,510100,市
460,1,2020/1/23,四川,达州,107.468023,31.209571,四川省,达州市,达州市,511700,市
461,3,2020/1/24,四川,成都,104.066541,30.572269,四川省,成都市,成都市,510100,市
462,1,2020/1/24,四川,广安,106.633212,30.455961,四川省,广安市,广安市,511600,市
463,1,2020/1/24,四川,德阳,104.397894,31.126855,四川省,德阳市,德阳市,510600,市
464,1,2020/1/24,四川,遂宁,105.592898,30.532847,四川省,遂宁市,遂宁市,510900,市
465,1,2020/1/24,四川,雅安,103.013261,29.980537,四川省,雅安市,雅安市,511800,市
466,9,2020/1/25,四川,成都,104.066541,30.572269,四川省,成都市,成都市,510100,市
467,1,2020/1/25,四川,遂宁,105.592898,30.532847,四川省,遂宁市,遂宁市,510900,市
468,1,2020/1/25,四川,自贡,104.778442,29.33903,四川省,自贡市,自贡市,510300,市
469,1,2020/1/25,四川,泸州,105.442258,28.871811,四川省,泸州市,泸州市,510500,市
470,1,2020/1/25,四川,内江,105.058433,29.580228,四川省,内江市,内江市,511000,市
471,6,2020/1/26,四川,成都,104.066541,30.572269,四川省,成都市,成都市,510100,市
472,3,2020/1/26,四川,绵阳,104.679114,31.46745,四川省,绵阳市,绵阳市,510700,市
473,1,2020/1/26,四川,泸州,105.442258,28.871811,四川省,泸州市,泸州市,510500,市
474,2,2020/1/26,四川,南充,106.110698,30.837793,四川省,南充市,南充市,511300,市
475,2,2020/1/26,四川,甘孜,101.963815,30.050663,[],[],[],513300,自治区
476,1,2020/1/26,四川,乐山,103.765568,29.552106,四川省,乐山市,乐山市,511100,市
477,1,2020/1/26,四川,眉山,103.848538,30.075439,四川省,眉山市,眉山市,511400,市
478,11,2020/1/27,四川,成都,104.066541,30.572269,四川省,成都市,成都市,510100,市
479,2,2020/1/27,四川,绵阳,104.679114,31.46745,四川省,绵阳市,绵阳市,510700,市
480,4,2020/1/27,四川,广安,106.633212,30.455961,四川省,广安市,广安市,511600,市
481,1,2020/1/27,四川,泸州,105.442258,28.871811,四川省,泸州市,泸州市,510500,市
482,2,2020/1/27,四川,达州,107.468023,31.209571,四川省,达州市,达州市,511700,市
483,1,2020/1/27,四川,自贡,104.778442,29.33903,四川省,自贡市,自贡市,510300,市
484,2,2020/1/27,四川,资阳,104.627636,30.128901,四川省,资阳市,资阳市,512000,市
485,1,2020/1/27,四川,宜宾,104.643215,28.751768,四川省,宜宾市,宜宾市,511500,市
486,1,2020/1/27,四川,凉山,102.267335,27.88161,四川省,凉山彝族自治州,凉山彝族自治州,513400,市
487,1,2020/1/28,四川,成都,104.066541,30.572269,四川省,成都市,成都市,510100,市
488,1,2020/1/28,四川,成都,104.066541,30.572269,四川省,成都市,成都市,510100,市
489,1,2020/1/28,四川,成都,104.066541,30.572269,四川省,成都市,成都市,510100,市
490,1,2020/1/28,四川,成都,104.066541,30.572269,四川省,成都市,成都市,510100,市
491,1,2020/1/28,四川,自贡,104.778442,29.33903,四川省,自贡市,自贡市,510300,市
492,1,2020/1/28,四川,自贡,104.778442,29.33903,四川省,自贡市,自贡市,510300,市
493,1,2020/1/28,四川,自贡,104.778442,29.33903,四川省,自贡市,自贡市,510300,市
494,1,2020/1/28,四川,自贡,104.778442,29.33903,四川省,自贡市,自贡市,510300,市
495,1,2020/1/28,四川,自贡,104.778442,29.33903,四川省,自贡市,自贡市,510300,市
496,1,2020/1/28,四川,泸州,105.442258,28.871811,四川省,泸州市,泸州市,510500,市
497,1,2020/1/28,四川,绵阳,104.679114,31.46745,四川省,绵阳市,绵阳市,510700,市
498,1,2020/1/28,四川,遂宁,105.592898,30.532847,四川省,遂宁市,遂宁市,510900,市
499,1,2020/1/28,四川,内江,105.058433,29.580228,四川省,内江市,内江市,511000,市
500,1,2020/1/28,四川,内江,105.058433,29.580228,四川省,内江市,内江市,511000,市
501,1,2020/1/28,四川,乐山,103.765568,29.552106,四川省,乐山市,乐山市,511100,市
502,1,2020/1/28,四川,南充,106.110698,30.837793,四川省,南充市,南充市,511300,市
503,1,2020/1/28,四川,南充,106.110698,30.837793,四川省,南充市,南充市,511300,市
504,1,2020/1/28,四川,广安,106.633212,30.455961,四川省,广安市,广安市,511600,市
505,1,2020/1/28,四川,雅安,103.013261,29.980537,四川省,雅安市,雅安市,511800,市
506,1,2020/1/28,四川,甘孜,101.963815,30.050663,四川省,[],[],513300,自治区
507,1,2020/1/28,四川,凉山,102.267335,27.88161,四川省,凉山彝族自治州,凉山彝族自治州,513400,市
508,1,2020/1/21,山东,青岛,120.382639,36.067082,山东省,青岛市,青岛市,370200,市
509,1,2020/1/22,山东,威海,122.120419,37.513068,山东省,威海市,威海市,371000,市
510,2,2020/1/23,山东,青岛,120.382639,36.067082,山东省,青岛市,青岛市,370200,市
511,2,2020/1/23,山东,临沂,118.356448,35.104672,山东省,临沂市,临沂市,371300,市
512,1,2020/1/24,山东,潍坊,119.161755,36.706774,山东省,潍坊市,潍坊市,370700,市
513,1,2020/1/24,山东,日照,119.526888,35.416377,山东省,日照市,日照市,371100,市
514,1,2020/1/24,山东,威海,122.120419,37.513068,山东省,威海市,威海市,371000,市
515,2,2020/1/24,山东,济南,117.119999,36.651216,山东省,济南市,济南市,370100,市
516,2,2020/1/24,山东,烟台,121.447935,37.463822,山东省,烟台市,烟台市,370600,市
517,1,2020/1/24,山东,济宁,116.587098,35.414921,山东省,济宁市,济宁市,370800,市
518,1,2020/1/24,山东,青岛,120.382639,36.067082,山东省,青岛市,青岛市,370200,市
519,1,2020/1/25,山东,德州,116.357464,37.434092,山东省,德州市,德州市,371400,市
520,1,2020/1/25,山东,聊城,115.985371,36.456703,山东省,聊城市,聊城市,371500,市
521,1,2020/1/25,山东,济宁,116.587098,35.414921,山东省,济宁市,济宁市,370800,市
522,1,2020/1/25,山东,威海,122.120419,37.513068,山东省,威海市,威海市,371000,市
523,1,2020/1/25,山东,日照,119.526888,35.416377,山东省,日照市,日照市,371100,市
524,1,2020/1/25,山东,临沂,118.356448,35.104672,山东省,临沂市,临沂市,371300,市
525,1,2020/1/25,山东,滨州,117.970703,37.38199,山东省,滨州市,滨州市,371600,市
526,1,2020/1/25,山东,菏泽,115.480656,35.23375,山东省,菏泽市,菏泽市,371700,市
527,1,2020/1/25,山东,济南,117.119999,36.651216,山东省,济南市,济南市,370100,市
528,1,2020/1/25,山东,日照,119.526888,35.416377,山东省,日照市,日照市,371100,市
529,2,2020/1/25,山东,青岛,120.382639,36.067082,山东省,青岛市,青岛市,370200,市
530,1,2020/1/26,山东,淄博,118.054927,36.813487,山东省,淄博市,淄博市,370300,市
531,1,2020/1/26,山东,潍坊,119.161755,36.706774,山东省,潍坊市,潍坊市,370700,市
532,1,2020/1/26,山东,日照,119.526888,35.416377,山东省,日照市,日照市,371100,市
533,1,2020/1/26,山东,威海,122.120419,37.513068,山东省,威海市,威海市,371000,市
534,2,2020/1/26,山东,济宁,116.587098,35.414921,山东省,济宁市,济宁市,370800,市
535,2,2020/1/26,山东,德州,116.357464,37.434092,山东省,德州市,德州市,371400,市
536,4,2020/1/26,山东,临沂,118.356448,35.104672,山东省,临沂市,临沂市,371300,市
537,2,2020/1/26,山东,济南,117.119999,36.651216,山东省,济南市,济南市,370100,市
538,2,2020/1/26,山东,青岛,120.382639,36.067082,山东省,青岛市,青岛市,370200,市
539,2,2020/1/26,山东,滨州,117.970703,37.38199,山东省,滨州市,滨州市,371600,市
540,1,2020/1/26,山东,济宁,116.587098,35.414921,山东省,济宁市,济宁市,370800,市
541,3,2020/1/27,山东,威海,122.120419,37.513068,山东省,威海市,威海市,371000,市
542,3,2020/1/27,山东,德州,116.357464,37.434092,山东省,德州市,德州市,371400,市
543,2,2020/1/27,山东,济南,117.119999,36.651216,山东省,济南市,济南市,370100,市
544,2,2020/1/27,山东,青岛,120.382639,36.067082,山东省,青岛市,青岛市,370200,市
545,2,2020/1/27,山东,烟台,121.447935,37.463822,山东省,烟台市,烟台市,370600,市
546,2,2020/1/27,山东,菏泽,115.480656,35.23375,山东省,菏泽市,菏泽市,371700,市
547,1,2020/1/27,山东,淄博,118.054927,36.813487,山东省,淄博市,淄博市,370300,市
548,1,2020/1/27,山东,潍坊,119.161755,36.706774,山东省,潍坊市,潍坊市,370700,市
549,1,2020/1/27,山东,日照,119.526888,35.416377,山东省,日照市,日照市,371100,市
550,1,2020/1/27,山东,枣庄,117.323725,34.810487,山东省,枣庄市,枣庄市,370400,市
551,1,2020/1/27,山东,枣庄,117.323725,34.810487,山东省,枣庄市,枣庄市,370400,市
552,4,2020/1/27,山东,烟台,121.447935,37.463822,山东省,烟台市,烟台市,370600,市
553,3,2020/1/27,山东,青岛,120.382639,36.067082,山东省,青岛市,青岛市,370200,市
554,2,2020/1/27,山东,威海,122.120419,37.513068,山东省,威海市,威海市,371000,市
555,1,2020/1/27,山东,菏泽,115.480656,35.23375,山东省,菏泽市,菏泽市,371700,市
556,1,2020/1/28,山东,泰安,117.087614,36.200252,山东省,泰安市,泰安市,370900,市
557,3,2020/1/28,山东,济南,117.119999,36.651216,山东省,济南市,济南市,370100,市
558,1,2020/1/28,山东,德州,116.357464,37.434092,山东省,德州市,德州市,371400,市
559,1,2020/1/28,山东,德州,116.357464,37.434092,山东省,德州市,德州市,371400,市
560,1,2020/1/28,山东,聊城,115.985371,36.456703,山东省,聊城市,聊城市,371500,市
561,1,2020/1/28,山东,聊城,115.985371,36.456703,山东省,聊城市,聊城市,371500,市
562,1,2020/1/28,山东,威海,122.120419,37.513068,山东省,威海市,威海市,371000,市
563,1,2020/1/28,山东,日照,119.526888,35.416377,山东省,日照市,日照市,371100,市
564,1,2020/1/28,山东,临沂,118.356448,35.104672,山东省,临沂市,临沂市,371300,市
565,1,2020/1/28,山东,滨州,117.970703,37.38199,山东省,滨州市,滨州市,371600,市
566,2,2020/1/28,山东,青岛,120.382639,36.067082,山东省,青岛市,青岛市,370200,市
567,3,2020/1/28,山东,枣庄,117.323725,34.810487,山东省,枣庄市,枣庄市,370400,市
568,1,2020/1/28,山东,烟台,121.447935,37.463822,山东省,烟台市,烟台市,370600,市
569,1,2020/1/28,山东,烟台,121.447935,37.463822,山东省,烟台市,烟台市,370600,市
570,1,2020/1/28,山东,菏泽,115.480656,35.23375,山东省,菏泽市,菏泽市,371700,市
571,1,2020/1/22,广西,北海,109.119927,21.481254,广西壮族自治区,北海市,北海市,450500,市
572,1,2020/1/22,广西,梧州,111.279115,23.476962,广西壮族自治区,梧州市,梧州市,450400,市
573,1,2020/1/23,广西,北海,109.119927,21.481254,广西壮族自治区,北海市,北海市,450500,市
574,1,2020/1/23,广西,北海,109.119927,21.481254,广西壮族自治区,北海市,北海市,450500,市
575,1,2020/1/23,广西,柳州,109.415953,24.325502,广西壮族自治区,柳州市,柳州市,450200,市
576,2,2020/1/24,广西,桂林,110.290194,25.273566,广西壮族自治区,桂林市,桂林市,450300,市
577,3,2020/1/24,广西,北海,109.119927,21.481254,广西壮族自治区,北海市,北海市,450500,市
578,1,2020/1/24,广西,百色,106.618201,23.902333,广西壮族自治区,百色市,百色市,451000,市
579,1,2020/1/24,广西,柳州,109.415953,24.325502,广西壮族自治区,柳州市,柳州市,450200,市
580,1,2020/1/24,广西,河池,108.085261,24.692931,广西壮族自治区,河池市,河池市,451200,市
581,1,2020/1/25,广西,柳州,109.415953,24.325502,广西壮族自治区,柳州市,柳州市,450200,市
582,4,2020/1/24,广西,桂林,110.290194,25.273566,广西壮族自治区,桂林市,桂林市,450300,市
583,1,2020/1/24,广西,河池,108.085261,24.692931,广西壮族自治区,河池市,河池市,451200,市
584,1,2020/1/24,广西,河池,108.085261,24.692931,广西壮族自治区,河池市,河池市,451200,市
585,1,2020/1/25,广西,玉林,110.164756,22.636379,广西壮族自治区,玉林市,玉林市,450900,市
586,2,2020/1/25,广西,防城港市,108.353846,21.68686,广西壮族自治区,防城港市,防城港市,450600,市
587,1,2020/1/26,广西,南宁,108.366543,22.817002,广西壮族自治区,南宁市,南宁市,450100,市
588,1,2020/1/26,广西,柳州,109.415953,24.325502,广西壮族自治区,柳州市,柳州市,450200,市
589,1,2020/1/26,广西,北海,109.119927,21.481254,广西壮族自治区,北海市,北海市,450500,市
590,1,2020/1/26,广西,百色,106.618201,23.902333,广西壮族自治区,百色市,百色市,451000,市
591,5,2020/1/26,广西,桂林,110.290194,25.273566,广西壮族自治区,桂林市,桂林市,450300,市
592,1,2020/1/26,广西,梧州,111.279115,23.476962,广西壮族自治区,梧州市,梧州市,450400,市
593,1,2020/1/26,广西,柳州,109.415953,24.325502,广西壮族自治区,柳州市,柳州市,450200,市
594,2,2020/1/26,广西,北海,109.119927,21.481254,广西壮族自治区,北海市,北海市,450500,市
595,4,2020/1/27,广西,南宁,108.366543,22.817002,广西壮族自治区,南宁市,南宁市,450100,市
596,3,2020/1/27,广西,桂林,110.290194,25.273566,广西壮族自治区,桂林市,桂林市,450300,市
597,1,2020/1/27,广西,柳州,109.415953,24.325502,广西壮族自治区,柳州市,柳州市,450200,市
598,1,2020/1/27,广西,防城港市,108.353846,21.68686,广西壮族自治区,防城港市,防城港市,450600,市
599,1,2020/1/27,广西,玉林,110.164756,22.636379,广西壮族自治区,玉林市,玉林市,450900,市
600,2,2020/1/28,广西,北海,109.119927,21.481254,广西壮族自治区,北海市,北海市,450500,市
601,2,2020/1/28,广西,梧州,111.279115,23.476962,广西壮族自治区,梧州市,梧州市,450400,市
602,1,2020/1/28,广西,桂林,110.290194,25.273566,广西壮族自治区,桂林市,桂林市,450300,市
603,1,2020/1/22,贵州,贵阳,106.630153,26.647661,贵州省,贵阳市,贵阳市,520100,市
604,1,2020/1/23,贵州,铜仁,109.189598,27.731514,贵州省,铜仁市,铜仁市,520600,市
605,1,2020/1/23,贵州,黔南,107.517156,26.258219,贵州省,[],[],558000,自治区
606,1,2020/1/25,贵州,铜仁,109.189598,27.731514,贵州省,铜仁市,铜仁市,520600,市
607,1,2020/1/25,贵州,黔西南州,104.906396,25.087825,贵州省,黔西南布依族苗族自治州,黔西南布依族苗族自治州,522300,市
608,1,2020/1/27,贵州,六盘水,104.830359,26.592666,贵州省,六盘水市,六盘水市,520200,市
609,1,2020/1/27,贵州,黔南,107.517156,26.258219,贵州省,[],[],558000,自治区
610,1,2020/1/22,安徽,合肥,117.227239,31.820586,安徽省,合肥市,合肥市,340100,市
611,4,2020/1/23,安徽,合肥,117.227239,31.820586,安徽省,合肥市,合肥市,340100,市
612,1,2020/1/23,安徽,六安,116.521854,31.733699,安徽省,六安市,六安市,341500,市
613,1,2020/1/23,安徽,滁州,118.317106,32.301556,安徽省,滁州市,滁州市,341100,市
614,1,2020/1/23,安徽,阜阳,115.814204,32.890124,安徽省,阜阳市,阜阳市,341200,市
615,1,2020/1/23,安徽,亳州,115.778676,33.844582,安徽省,亳州市,亳州市,341600,市
616,1,2020/1/24,安徽,安庆,117.063754,30.543494,安徽省,安庆市,安庆市,340800,市
617,1,2020/1/24,安徽,池州,117.491568,30.6648,安徽省,池州市,池州市,341700,市
618,1,2020/1/24,安徽,蚌埠,117.389719,32.916287,安徽省,蚌埠市,蚌埠市,340300,市
619,1,2020/1/24,安徽,合肥,117.227239,31.820586,安徽省,合肥市,合肥市,340100,市
620,1,2020/1/24,安徽,六安,116.521854,31.733699,安徽省,六安市,六安市,341500,市
621,1,2020/1/24,安徽,阜阳,115.814204,32.890124,安徽省,阜阳市,阜阳市,341200,市
622,4,2020/1/25,安徽,合肥,117.227239,31.820586,安徽省,合肥市,合肥市,340100,市
623,3,2020/1/25,安徽,铜陵,117.812079,30.945429,安徽省,铜陵市,铜陵市,340700,市
624,3,2020/1/25,安徽,安庆,117.063754,30.543494,安徽省,安庆市,安庆市,340800,市
625,4,2020/1/25,安徽,马鞍山,118.506759,31.670452,安徽省,马鞍山市,马鞍山市,340500,市
626,5,2020/1/25,安徽,阜阳,115.814204,32.890124,安徽省,阜阳市,阜阳市,341200,市
627,3,2020/1/25,安徽,亳州,115.778676,33.844582,安徽省,亳州市,亳州市,341600,市
628,1,2020/1/25,安徽,芜湖,118.432941,31.352859,安徽省,芜湖市,芜湖市,340200,市
629,1,2020/1/25,安徽,滁州,118.317106,32.301556,安徽省,滁州市,滁州市,341100,市
630,3,2020/1/26,安徽,合肥,117.227239,31.820586,安徽省,合肥市,合肥市,340100,市
631,3,2020/1/26,安徽,马鞍山,118.506759,31.670452,安徽省,马鞍山市,马鞍山市,340500,市
632,3,2020/1/26,安徽,阜阳,115.814204,32.890124,安徽省,阜阳市,阜阳市,341200,市
633,2,2020/1/26,安徽,亳州,115.778676,33.844582,安徽省,亳州市,亳州市,341600,市
634,2,2020/1/26,安徽,芜湖,118.432941,31.352859,安徽省,芜湖市,芜湖市,340200,市
635,2,2020/1/26,安徽,宿州,116.964356,33.646373,安徽省,宿州市,宿州市,341300,市
636,1,2020/1/26,安徽,宣城,118.758816,30.940718,安徽省,宣城市,宣城市,341800,市
637,1,2020/1/26,安徽,六安,116.521854,31.733699,安徽省,六安市,六安市,341500,市
638,1,2020/1/26,安徽,淮北,116.798265,33.955844,安徽省,淮北市,淮北市,340600,市
639,1,2020/1/26,安徽,淮南,116.999932,32.625478,安徽省,淮南市,淮南市,340400,市
640,1,2020/1/26,安徽,安庆,117.063754,30.543494,安徽省,安庆市,安庆市,340800,市
641,1,2020/1/26,安徽,黄山,118.337481,29.714655,安徽省,黄山市,黄山市,341000,市
642,3,2020/1/27,安徽,芜湖,118.432941,31.352859,安徽省,芜湖市,芜湖市,340200,市
643,3,2020/1/27,安徽,安庆,117.063754,30.543494,安徽省,安庆市,安庆市,340800,市
644,2,2020/1/27,安徽,蚌埠,117.389719,32.916287,安徽省,蚌埠市,蚌埠市,340300,市
645,1,2020/1/27,安徽,宿州,116.964356,33.646373,安徽省,宿州市,宿州市,341300,市
646,1,2020/1/27,安徽,淮南,116.999932,32.625478,安徽省,淮南市,淮南市,340400,市
647,11,2020/1/28,安徽,阜阳,115.814204,32.890124,安徽省,阜阳市,阜阳市,341200,市
648,6,2020/1/28,安徽,铜陵,117.812079,30.945429,安徽省,铜陵市,铜陵市,340700,市
649,3,2020/1/28,安徽,合肥,117.227239,31.820586,安徽省,合肥市,合肥市,340100,市
650,3,2020/1/28,安徽,芜湖,118.432941,31.352859,安徽省,芜湖市,芜湖市,340200,市
651,3,2020/1/28,安徽,马鞍山,118.506759,31.670452,安徽省,马鞍山市,马鞍山市,340500,市
652,3,2020/1/28,安徽,黄山,118.337481,29.714655,安徽省,黄山市,黄山市,341000,市
653,2,2020/1/28,安徽,亳州,115.778676,33.844582,安徽省,亳州市,亳州市,341600,市
654,2,2020/1/28,安徽,滁州,118.317106,32.301556,安徽省,滁州市,滁州市,341100,市
655,1,2020/1/28,安徽,淮北,116.798265,33.955844,安徽省,淮北市,淮北市,340600,市
656,1,2020/1/28,安徽,六安,116.521854,31.733699,安徽省,六安市,六安市,341500,市
657,1,2020/1/28,安徽,宣城,118.758816,30.940718,安徽省,宣城市,宣城市,341800,市
658,1,2020/1/22,海南,三亚,109.511909,18.252847,海南省,三亚市,三亚市,460200,市
659,1,2020/1/23,海南,海口,110.198293,20.044001,海南省,海口市,海口市,460100,市
660,1,2020/1/22,海南,万宁,110.391073,18.795143,海南省,[],[],469000,市
661,1,2020/1/23,海南,万宁,110.391073,18.795143,海南省,[],[],469000,市
662,1,2020/1/23,海南,三亚,109.511909,18.252847,海南省,三亚市,三亚市,460200,市
663,2,2020/1/24,海南,海口,110.198293,20.044001,海南省,海口市,海口市,460100,市
664,1,2020/1/24,海南,万宁,110.391073,18.795143,海南省,[],[],469000,市
665,3,2020/1/25,海南,三亚,109.511909,18.252847,海南省,三亚市,三亚市,460200,市
666,3,2020/1/25,海南,儋州,109.580811,19.521134,海南省,儋州市,儋州市,460400,市
667,3,2020/1/25,海南,万宁,110.391073,18.795143,海南省,[],[],469000,市
668,1,2020/1/25,海南,三亚,109.511909,18.252847,海南省,三亚市,三亚市,460200,市
670,2,2020/1/26,海南,三亚,109.511909,18.252847,海南省,三亚市,三亚市,460200,市
671,1,2020/1/26,海南,澄迈县,110.0135109,19.74434867,海南省,[],[],469023,区县
672,3,2020/1/27,海南,海口,110.198293,20.044001,海南省,海口市,海口市,460100,市
673,2,2020/1/27,海南,三亚,109.511909,18.252847,海南省,三亚市,三亚市,460200,市
674,1,2020/1/27,海南,儋州,109.580811,19.521134,海南省,儋州市,儋州市,460400,市
675,2,2020/1/27,海南,万宁,110.391073,18.795143,海南省,[],[],469000,市
676,1,2020/1/27,海南,万宁,110.391073,18.795143,海南省,[],[],469000,市
677,1,2020/1/27,海南,三亚,109.511909,18.252847,海南省,三亚市,三亚市,460200,市
678,1,2020/1/27,海南,儋州,109.580811,19.521134,海南省,儋州市,儋州市,460400,市
679,1,2020/1/28,海南,海口,110.198293,20.044001,海南省,海口市,海口市,460100,市
680,3,2020/1/28,海南,三亚,109.511909,18.252847,海南省,三亚市,三亚市,460200,市
681,1,2020/1/28,海南,琼海,110.474648,19.258341,海南省,[],[],469000,市
682,1,2020/1/28,海南,东方,108.6585665,19.10110473,海南省,东方市,东方市,469007,市
683,1,2020/1/28,海南,琼中,109.8445106,19.03916379,海南省,[],[],469030,自治区
684,1,2020/1/22,宁夏,银川,106.230909,38.487193,宁夏回族自治区,银川市,银川市,640100,市
685,1,2020/1/24,宁夏,中卫,105.196902,37.499972,宁夏回族自治区,中卫市,中卫市,640500,市
686,1,2020/1/25,宁夏,固原,106.24261,36.015855,宁夏回族自治区,固原市,固原市,640400,市
687,1,2020/1/26,宁夏,银川,106.230909,38.487193,宁夏回族自治区,银川市,银川市,640100,市
688,1,2020/1/27,宁夏,银川,106.230909,38.487193,宁夏回族自治区,银川市,银川市,640100,市
689,1,2020/1/27,宁夏,银川,106.230909,38.487193,宁夏回族自治区,银川市,银川市,640100,市
690,1,2020/1/27,宁夏,银川,106.230909,38.487193,宁夏回族自治区,银川市,银川市,640100,市
691,2,2020/1/28,宁夏,银川,106.230909,38.487193,宁夏回族自治区,银川市,银川市,640100,市
692,2,2020/1/28,宁夏,吴忠,106.198393,37.99746,宁夏回族自治区,吴忠市,吴忠市,640300,市
693,1,2020/1/21,吉林,长春,125.323544,43.817071,吉林省,长春市,长春市,220100,市
694,1,2020/1/24,吉林,松原,124.825117,45.141789,吉林省,松原市,松原市,220700,市
695,1,2020/1/24,吉林,吉林,126.4282626,43.8545872,吉林省,吉林市,吉林市,220211,市
696,1,2020/1/25,吉林,吉林,126.4282626,43.8545872,吉林省,吉林市,吉林市,220211,市
697,1,2020/1/27,吉林,四平,124.350398,43.166419,吉林省,四平市,四平市,220300,市
698,1,2020/1/27,吉林,松原,124.825117,45.141789,吉林省,松原市,松原市,220700,市
699,1,2020/1/28,吉林,吉林,126.549728,43.838146,吉林省,吉林市,吉林市,220211,市
700,1,2020/1/28,吉林,公主岭,124.829026,43.503352,吉林省,四平市,四平市,220381,兴趣点
701,1,2020/1/22,江西,抚州,116.358181,27.949217,江西省,抚州市,抚州市,361000,市
702,1,2020/1/22,江西,萍乡,113.854556,27.622768,江西省,萍乡市,萍乡市,360300,市
703,1,2020/1/23,江西,南昌,115.858197,28.682892,江西省,南昌市,南昌市,360100,市
704,1,2020/1/23,江西,南昌,115.858197,28.682892,江西省,南昌市,南昌市,360100,市
705,1,2020/1/23,江西,九江,116.00193,29.705077,江西省,九江市,九江市,360400,市
706,1,2020/1/23,江西,新余,114.917346,27.817808,江西省,新余市,新余市,360500,市
707,1,2020/1/23,江西,吉安,114.992509,27.113443,江西省,吉安市,吉安市,360800,市
708,3,2020/1/25,江西,抚州,116.358181,27.949217,江西省,抚州市,抚州市,361000,市
709,1,2020/1/25,江西,南昌,115.858197,28.682892,江西省,南昌市,南昌市,360100,市
710,1,2020/1/25,江西,九江,116.00193,29.705077,江西省,九江市,九江市,360400,市
711,2,2020/1/25,江西,赣州,114.935029,25.831829,江西省,赣州市,赣州市,360700,市
712,2,2020/1/25,江西,上饶,117.943433,28.454863,江西省,上饶市,上饶市,361100,市
713,1,2020/1/25,江西,景德镇,117.178419,29.268835,江西省,景德镇市,景德镇市,360200,市
714,1,2020/1/25,江西,宜春,114.416778,27.815619,江西省,宜春市,宜春市,360900,市
715,5,2020/1/26,江西,赣州,114.935029,25.831829,江西省,赣州市,赣州市,360700,市
716,4,2020/1/26,江西,宜春,114.416778,27.815619,江西省,宜春市,宜春市,360900,市
717,4,2020/1/26,江西,上饶,117.943433,28.454863,江西省,上饶市,上饶市,361100,市
718,2,2020/1/26,江西,抚州,116.358181,27.949217,江西省,抚州市,抚州市,361000,市
719,1,2020/1/26,江西,南昌,115.858197,28.682892,江西省,南昌市,南昌市,360100,市
720,1,2020/1/26,江西,萍乡,113.854556,27.622768,江西省,萍乡市,萍乡市,360300,市
721,1,2020/1/26,江西,吉安,114.992509,27.113443,江西省,吉安市,吉安市,360800,市
722,4,2020/1/27,江西,南昌,115.858197,28.682892,江西省,南昌市,南昌市,360100,市
723,2,2020/1/27,江西,九江,116.00193,29.705077,江西省,九江市,九江市,360400,市
724,2,2020/1/27,江西,新余,114.917346,27.817808,江西省,新余市,新余市,360500,市
725,1,2020/1/27,江西,宜春,114.416778,27.815619,江西省,宜春市,宜春市,360900,市
726,1,2020/1/27,江西,吉安,114.992509,27.113443,江西省,吉安市,吉安市,360800,市
727,1,2020/1/27,江西,抚州,116.358181,27.949217,江西省,抚州市,抚州市,361000,市
728,1,2020/1/27,江西,景德镇,117.178419,29.268835,江西省,景德镇市,景德镇市,360200,市
729,9,2020/1/28,江西,南昌,115.858197,28.682892,江西省,南昌市,南昌市,360100,市
730,5,2020/1/28,江西,九江,116.00193,29.705077,江西省,九江市,九江市,360400,市
731,4,2020/1/28,江西,宜春,114.416778,27.815619,江西省,宜春市,宜春市,360900,市
732,3,2020/1/28,江西,赣州,114.935029,25.831829,江西省,赣州市,赣州市,360700,市
733,1,2020/1/28,江西,鹰潭,117.069202,28.260189,江西省,鹰潭市,鹰潭市,360600,市
734,1,2020/1/28,江西,上饶,117.943433,28.454863,江西省,上饶市,上饶市,361100,市
735,1,2020/1/28,江西,抚州,116.358181,27.949217,江西省,抚州市,抚州市,361000,市
736,1,2020/1/25,天津,天津,117.200983,39.084158,天津市,天津市,天津市,120000,省
737,1,2020/1/25,天津,天津,117.200983,39.084158,天津市,天津市,天津市,120000,省
738,1,2020/1/25,天津,天津,117.200983,39.084158,天津市,天津市,天津市,120000,省
739,1,2020/1/25,天津,天津,117.200983,39.084158,天津市,天津市,天津市,120000,省
740,1,2020/1/25,天津,天津,117.200983,39.084158,天津市,天津市,天津市,120000,省
741,1,2020/1/25,天津,天津,117.200983,39.084158,天津市,天津市,天津市,120000,省
742,1,2020/1/25,天津,天津,117.200983,39.084158,天津市,天津市,天津市,120000,省
743,1,2020/1/25,天津,天津,117.200983,39.084158,天津市,天津市,天津市,120000,省
744,1,2020/1/25,天津,天津,117.200983,39.084158,天津市,天津市,天津市,120000,省
745,1,2020/1/25,天津,天津,117.200983,39.084158,天津市,天津市,天津市,120000,省
746,1,2020/1/26,天津,天津,117.200983,39.084158,天津市,天津市,天津市,120000,省
747,1,2020/1/26,天津,天津,117.200983,39.084158,天津市,天津市,天津市,120000,省
748,1,2020/1/26,天津,天津,117.200983,39.084158,天津市,天津市,天津市,120000,省
749,1,2020/1/26,天津,天津,117.200983,39.084158,天津市,天津市,天津市,120000,省
750,1,2020/1/27,天津,天津,117.200983,39.084158,天津市,天津市,天津市,120000,省
751,1,2020/1/27,天津,天津,117.200983,39.084158,天津市,天津市,天津市,120000,省
752,1,2020/1/27,天津,天津,117.200983,39.084158,天津市,天津市,天津市,120000,省
753,1,2020/1/27,天津,天津,117.200983,39.084158,天津市,天津市,天津市,120000,省
754,1,2020/1/27,天津,天津,117.200983,39.084158,天津市,天津市,天津市,120000,省
755,1,2020/1/27,天津,天津,117.200983,39.084158,天津市,天津市,天津市,120000,省
756,1,2020/1/27,天津,天津,117.200983,39.084158,天津市,天津市,天津市,120000,省
757,1,2020/1/27,天津,天津,117.200983,39.084158,天津市,天津市,天津市,120000,省
758,1,2020/1/27,天津,天津,117.200983,39.084158,天津市,天津市,天津市,120000,省
759,1,2020/1/28,天津,天津,117.200983,39.084158,天津市,天津市,天津市,120000,省
760,1,2020/1/21,河南,周口,114.696951,33.626149,河南省,周口市,周口市,411600,市
761,1,2020/1/22,河南,三门峡,111.200135,34.772493,河南省,三门峡市,三门峡市,411200,市
762,1,2020/1/22,河南,洛阳,112.45404,34.619682,河南省,洛阳市,洛阳市,410300,市
763,1,2020/1/22,河南,新乡,113.9268,35.303004,河南省,新乡市,新乡市,410700,市
764,1,2020/1/22,河南,郑州,113.625368,34.746599,河南省,郑州市,郑州市,410100,市
765,1,2020/1/24,河南,周口,114.696951,33.626149,河南省,周口市,周口市,411600,市
766,1,2020/1/24,河南,信阳,114.091023,32.146983,河南省,信阳市,信阳市,411500,市
767,1,2020/1/24,河南,郑州,113.625368,34.746599,河南省,郑州市,郑州市,410100,市
768,1,2020/1/24,河南,郑州,113.625368,34.746599,河南省,郑州市,郑州市,410100,市
769,1,2020/1/25,河南,平顶山市,113.192661,33.766169,河南省,平顶山市,平顶山市,410400,市
770,1,2020/1/25,河南,新乡市,113.9268,35.303004,河南省,新乡市,新乡市,410700,市
771,8,2020/1/25,河南,南阳市,112.528321,32.990833,河南省,南阳市,南阳市,411300,市
772,2,2020/1/25,河南,驻马店市,114.022298,33.011529,河南省,驻马店市,驻马店市,411700,市
773,1,2020/1/25,河南,信阳市,114.091023,32.146983,河南省,信阳市,信阳市,411500,市
774,3,2020/1/25,河南,郑州市,113.625368,34.746599,河南省,郑州市,郑州市,410100,市
775,3,2020/1/25,河南,周口市,114.696951,33.626149,河南省,周口市,周口市,411600,市
776,4,2020/1/25,河南,信阳市,114.091023,32.146983,河南省,信阳市,信阳市,411500,市
777,3,2020/1/26,河南,安阳市,114.392392,36.097577,河南省,安阳市,安阳市,410500,市
778,3,2020/1/26,河南,漯河市,114.016539,33.581412,河南省,漯河市,漯河市,411100,市
779,12,2020/1/26,河南,郑州,113.625368,34.746599,河南省,郑州市,郑州市,410100,市
780,1,2020/1/26,河南,平顶山市,113.192661,33.766169,河南省,平顶山市,平顶山市,410400,市
781,2,2020/1/26,河南,新乡市,113.9268,35.303004,河南省,新乡市,新乡市,410700,市
782,1,2020/1/26,河南,三门峡,111.200135,34.772493,河南省,三门峡市,三门峡市,411200,市
783,1,2020/1/26,河南,周口,114.696951,33.626149,河南省,周口市,周口市,411600,市
784,5,2020/1/26,河南,驻马店市,114.022298,33.011529,河南省,驻马店市,驻马店市,411700,市
785,7,2020/1/26,河南,南阳市,112.528321,32.990833,河南省,南阳市,南阳市,411300,市
786,16,2020/1/26,河南,信阳市,114.091023,32.146983,河南省,信阳市,信阳市,411500,市
787,1,2020/1/27,河南,开封市,114.307581,34.797239,河南省,开封市,开封市,410200,市
788,2,2020/1/27,河南,鹤壁市,114.297272,35.747225,河南省,鹤壁市,鹤壁市,410600,市
789,1,2020/1/27,河南,许昌市,113.85264,34.035506,河南省,许昌市,许昌市,411000,市
790,6,2020/1/27,河南,商丘市,115.65637,34.414172,河南省,商丘市,商丘市,411400,市
791,9,2020/1/27,河南,郑州市,113.625368,34.746599,河南省,郑州市,郑州市,410100,市
792,1,2020/1/27,河南,洛阳市,112.45404,34.619682,河南省,洛阳市,洛阳市,410300,市
793,3,2020/1/27,河南,平顶山市,113.192661,33.766169,河南省,平顶山市,平顶山市,410400,市
794,4,2020/1/27,河南,安阳市,114.392392,36.097577,河南省,安阳市,安阳市,410500,市
795,1,2020/1/27,河南,新乡市,113.9268,35.303004,河南省,新乡市,新乡市,410700,市
796,3,2020/1/27,河南,漯河市,114.016539,33.581412,河南省,漯河市,漯河市,411100,市
797,1,2020/1/27,河南,三门峡市,111.200135,34.772493,河南省,三门峡市,三门峡市,411200,市
798,4,2020/1/27,河南,南阳市,112.528321,32.990833,河南省,南阳市,南阳市,411300,市
799,1,2020/1/27,河南,信阳市,114.091023,32.146983,河南省,信阳市,信阳市,411500,市
800,2,2020/1/27,河南,驻马店市,114.022298,33.011529,河南省,驻马店市,驻马店市,411700,市
801,6,2020/1/27,河南,周口市,114.696951,33.626149,河南省,周口市,周口市,411600,市
802,2,2020/1/28,河南,焦作,113.241823,35.215892,河南省,焦作市,焦作市,410800,市
803,8,2020/1/28,河南,郑州,113.625368,34.746599,河南省,郑州市,郑州市,410100,市
804,1,2020/1/28,河南,开封,114.307581,34.797239,河南省,开封市,开封市,410200,市
805,4,2020/1/28,河南,安阳,114.392392,36.097577,河南省,安阳市,安阳市,410500,市
806,2,2020/1/28,河南,新乡,113.9268,35.303004,河南省,新乡市,新乡市,410700,市
807,1,2020/1/28,河南,许昌,113.85264,34.035506,河南省,许昌市,许昌市,411000,市
808,3,2020/1/28,河南,漯河,114.016539,33.581412,河南省,漯河市,漯河市,411100,市
809,7,2020/1/28,河南,南阳,112.528321,32.990833,河南省,南阳市,南阳市,411300,市
810,1,2020/1/28,河南,商丘,115.65637,34.414172,河南省,商丘市,商丘市,411400,市
811,4,2020/1/28,河南,周口,114.696951,33.626149,河南省,周口市,周口市,411600,市
812,6,2020/1/28,河南,信阳,114.091023,32.146983,河南省,信阳市,信阳市,411500,市
813,1,2020/1/28,河南,驻马店,114.022298,33.011529,河南省,驻马店市,驻马店市,411700,市
814,2,2020/1/22,重庆,万州,108.1126461,30.6954351,重庆市,重庆市,重庆市,500101,区县
815,1,2020/1/22,重庆,巫山,109.879153,31.074834,重庆市,重庆市,重庆市,500237,乡镇
816,1,2020/1/22,重庆,巫山,109.879153,31.074834,重庆市,重庆市,重庆市,500237,乡镇
817,1,2020/1/22,重庆,长寿,107.075388,29.832806,重庆市,重庆市,重庆市,500115,区县
818,1,2020/1/22,重庆,垫江,107.3111496,30.2444194,重庆市,重庆市,重庆市,500231,区县
819,1,2020/1/23,重庆,涪陵,107.389298,29.703113,重庆市,重庆市,重庆市,500102,区县
820,2,2020/1/23,重庆,永川,105.926727,29.356524,重庆市,重庆市,重庆市,500118,区县
821,2,2020/1/24,重庆,九龙坡,106.51478,29.510124,重庆市,重庆市,重庆市,500107,区县
822,2,2020/1/24,重庆,渝北,106.513719,29.585938,重庆市,重庆市,重庆市,500112,区县
823,2,2020/1/24,重庆,开州,121.319633,41.365135,辽宁省,锦州市,锦州市,210727,村庄
824,1,2020/1/24,重庆,忠县,108.039002,30.29956,重庆市,重庆市,重庆市,500233,区县
825,1,2020/1/24,重庆,云阳,108.685426,30.938237,重庆市,重庆市,重庆市,500235,区县
826,1,2020/1/24,重庆,奉节,109.463987,31.018498,重庆市,重庆市,重庆市,500236,区县
827,1,2020/1/24,重庆,巫溪,109.0582505,31.4807847,重庆市,重庆市,重庆市,500238,区县
828,1,2020/1/24,重庆,两江新区,106.566022,29.642726,重庆市,重庆市,重庆市,0,区县
829,1,2020/1/24,重庆,万州,108.1126461,30.6954351,重庆市,重庆市,重庆市,500101,区县
830,2,2020/1/24,重庆,长寿,107.075388,29.832806,重庆市,重庆市,重庆市,500115,区县
831,1,2020/1/24,重庆,巫山,109.879153,31.074834,重庆市,重庆市,重庆市,500237,区县
832,1,2020/1/24,重庆,秀山,107.556177,29.846146,重庆市,重庆市,重庆市,500102,区县
833,1,2020/1/24,重庆,垫江,107.33339,30.327717,重庆市,重庆市,重庆市,500231,区县
834,1,2020/1/24,重庆,大渡口,106.485816,29.493427,重庆市,重庆市,重庆市,500104,区县
835,7,2020/1/25,重庆,万州区,108.408661,30.807667,重庆市,重庆市,重庆市,500101,区县
836,1,2020/1/25,重庆,大渡口区,106.482347,29.484527,重庆市,重庆市,重庆市,500104,区县
837,1,2020/1/25,重庆,九龙坡区,106.53192,29.51419,重庆市,重庆市,重庆市,500107,区县
838,2,2020/1/25,重庆,长寿,107.075388,29.832806,重庆市,重庆市,重庆市,500115,区县
839,2,2020/1/25,重庆,合川,106.0416633,30.1103627,重庆市,重庆市,重庆市,500117,区县
840,1,2020/1/25,重庆,永川,105.5786368,29.2526334,重庆市,重庆市,重庆市,500118,区县
841,2,2020/1/25,重庆,璧山,106.215689,29.575959,重庆市,重庆市,重庆市,500120,区县
843,1,2020/1/25,重庆,梁平,107.4650193,30.6540562,重庆市,重庆市,重庆市,500228,区县
844,1,2020/1/25,重庆,城口,108.2093669,31.9102242,重庆市,重庆市,重庆市,500229,区县
845,1,2020/1/25,重庆,丰都,107.730895,29.8635,重庆市,重庆市,重庆市,500230,区县
846,2,2020/1/25,重庆,忠县,108.039002,30.29956,重庆市,重庆市,重庆市,500233,区县
847,1,2020/1/25,重庆,云阳,108.685426,30.938237,重庆市,重庆市,重庆市,500235,区县
848,1,2020/1/25,重庆,巫溪,108.7766038,31.479863,重庆市,重庆市,重庆市,500238,区县
849,3,2020/1/25,重庆,石柱,107.723339,29.860878,重庆市,重庆市,重庆市,500230,区县
850,2,2020/1/25,重庆,两江新区,106.566022,29.642726,重庆市,重庆市,重庆市,[],区县
851,3,2020/1/26,重庆,万州,108.1126461,30.6954351,重庆市,重庆市,重庆市,500101,区县
852,2,2020/1/26,重庆,大渡口,106.485816,29.493427,重庆市,重庆市,重庆市,500104,区县
853,2,2020/1/26,重庆,江北,107.412514,29.760384,重庆市,重庆市,重庆市,500102,区县
854,2,2020/1/26,重庆,渝北,106.513719,29.585938,重庆市,重庆市,重庆市,500112,区县
855,1,2020/1/26,重庆,大足,105.721733,29.707032,重庆市,重庆市,重庆市,500111,区县
856,1,2020/1/26,重庆,铜梁,106.056404,29.844811,重庆市,重庆市,重庆市,500224,区县
857,2,2020/1/26,重庆,忠县,108.039002,30.29956,重庆市,重庆市,重庆市,500233,区县
858,2,2020/1/26,重庆,云阳,108.685426,30.938237,重庆市,重庆市,重庆市,500235,区县
859,2,2020/1/26,重庆,奉节,109.463987,31.018498,重庆市,重庆市,重庆市,500236,区县
860,1,2020/1/26,重庆,巫溪,108.7766038,31.479863,重庆市,重庆市,重庆市,500238,区县
861,1,2020/1/27,重庆,万州,108.1126461,30.6954351,重庆市,重庆市,重庆市,500101,区县
862,2,2020/1/27,重庆,大渡口,106.485816,29.493427,重庆市,重庆市,重庆市,500104,区县
863,1,2020/1/27,重庆,江北,107.412514,29.760384,重庆市,重庆市,重庆市,500102,区县
864,1,2020/1/27,重庆,九龙坡,106.51478,29.510124,重庆市,重庆市,重庆市,500107,区县
865,1,2020/1/27,重庆,渝北,106.513719,29.585938,重庆市,重庆市,重庆市,500112,区县
866,1,2020/1/27,重庆,巴南,106.540257,29.402408,重庆市,重庆市,重庆市,500113,区县
867,1,2020/1/27,重庆,长寿,107.075388,29.832806,重庆市,重庆市,重庆市,500115,区县
868,2,2020/1/27,重庆,江津,106.259281,29.290069,重庆市,重庆市,重庆市,500116,区县
869,1,2020/1/27,重庆,合川,30.1103627,106.0416633,重庆市,重庆市,重庆市,500117,区县
870,1,2020/1/27,重庆,綦江,106.666363,29.009818,重庆市,重庆市,重庆市,500110,区县
871,1,2020/1/27,重庆,璧山,106.215689,29.575959,重庆市,重庆市,重庆市,500120,区县
872,2,2020/1/27,重庆,潼南,105.840556,30.191013,重庆市,重庆市,重庆市,500223,区县
874,2,2020/1/27,重庆,丰都,107.730895,29.8635,重庆市,重庆市,重庆市,500230,区县
875,2,2020/1/27,重庆,垫江,107.33339,30.327717,重庆市,重庆市,重庆市,500231,区县
876,1,2020/1/27,重庆,忠县,108.039002,30.29956,重庆市,重庆市,重庆市,500233,区县
877,4,2020/1/27,重庆,云阳县,108.697324,30.930613,重庆市,重庆市,重庆市,500235,区县
878,2,2020/1/27,重庆,巫山,109.879153,31.074834,重庆市,重庆市,重庆市,500237,乡镇
879,2,2020/1/27,重庆,巫溪,31.479863,108.7766038,重庆市,重庆市,重庆市,500238,区县
880,4,2020/1/27,重庆,两江新区,106.566022,29.642726,重庆市,重庆市,重庆市,[],区县
881,1,2020/1/28,重庆,万州区,108.408661,30.807667,重庆市,重庆市,重庆市,500101,区县
882,1,2020/1/28,重庆,黔江区,108.770678,29.53361,重庆市,重庆市,重庆市,500114,区县
883,1,2020/1/28,重庆,江北区,106.574271,29.606703,重庆市,重庆市,重庆市,500105,区县
884,1,2020/1/28,重庆,九龙坡区,106.53192,29.51419,重庆市,重庆市,重庆市,500107,区县
885,1,2020/1/28,重庆,南岸区,106.644428,29.500297,重庆市,重庆市,重庆市,500108,区县
886,1,2020/1/28,重庆,渝北区,106.631187,29.718143,重庆市,重庆市,重庆市,500112,区县
887,1,2020/1/28,重庆,长寿区,107.081283,29.857996,重庆市,重庆市,重庆市,500115,区县
888,1,2020/1/28,重庆,合川区,106.27613,29.972084,重庆市,重庆市,重庆市,500117,区县
889,1,2020/1/28,重庆,綦江区,106.651362,29.028067,重庆市,重庆市,重庆市,500110,区县
890,1,2020/1/28,重庆,铜梁区,106.056404,29.844811,重庆市,重庆市,重庆市,500151,区县
891,2,2020/1/28,重庆,开州区,108.393135,31.160711,重庆市,重庆市,重庆市,500154,区县
892,1,2020/1/28,重庆,垫江县,107.33339,30.327717,重庆市,重庆市,重庆市,500231,区县
893,3,2020/1/28,重庆,忠县,108.039002,30.29956,重庆市,重庆市,重庆市,500233,区县
894,2,2020/1/28,重庆,云阳县,108.697324,30.930613,重庆市,重庆市,重庆市,500235,区县
895,3,2020/1/28,重庆,石柱县,108.112941,29.9964,重庆市,重庆市,重庆市,500240,区县
896,1,2020/1/28,重庆,两江新区,106.566022,29.642726,重庆市,重庆市,重庆市,[],区县
897,1,2020/1/22,山西,太原,112.548879,37.87059,山西省,太原市,太原市,140100,市
898,1,2020/1/24,山西,太原,112.548879,37.87059,山西省,太原市,太原市,140100,市
899,1,2020/1/24,山西,大同,113.300129,40.076762,山西省,大同市,大同市,140200,市
900,1,2020/1/24,山西,长治,113.116255,36.195386,山西省,长治市,长治市,140400,市
901,2,2020/1/24,山西,运城,111.007528,35.026412,山西省,运城市,运城市,140800,市
902,2,2020/1/26,山西,晋中,112.752694,37.687024,山西省,晋中市,晋中市,140700,市
903,1,2020/1/26,山西,阳泉,113.580519,37.856971,山西省,阳泉市,阳泉市,140300,市
904,2,2020/1/27,山西,朔州,112.432825,39.331595,山西省,朔州市,朔州市,140600,市
905,1,2020/1/27,山西,临汾,111.518976,36.088005,山西省,临汾市,临汾市,141000,市
906,1,2020/1/27,山西,吕梁,111.144319,37.518314,山西省,吕梁市,吕梁市,141100,市
907,1,2020/1/21,湖南,长沙,112.938814,28.228209,湖南省,长沙市,长沙市,430100,市
908,1,2020/1/22,湖南,怀化,109.998488,27.554978,湖南省,怀化市,怀化市,431200,市
909,1,2020/1/22,湖南,怀化,109.998488,27.554978,湖南省,怀化市,怀化市,431200,市
910,1,2020/1/22,湖南,怀化,109.998488,27.554978,湖南省,怀化市,怀化市,431200,市
911,1,2020/1/23,湖南,长沙,112.938814,28.228209,湖南省,长沙市,长沙市,430100,市
912,1,2020/1/23,湖南,永州,111.613445,26.420394,湖南省,永州市,永州市,431100,市
913,1,2020/1/23,湖南,长沙,112.938814,28.228209,湖南省,长沙市,长沙市,430100,市
914,1,2020/1/23,湖南,长沙,112.938814,28.228209,湖南省,长沙市,长沙市,430100,市
915,1,2020/1/23,湖南,郴州,113.014717,25.770509,湖南省,郴州市,郴州市,431000,市
916,1,2020/1/24,湖南,株洲,113.134002,27.82755,湖南省,株洲市,株洲市,430200,市
917,1,2020/1/24,湖南,湘潭,112.944049,27.829738,湖南省,湘潭市,湘潭市,430300,市
918,3,2020/1/24,湖南,岳阳,113.128958,29.357104,湖南省,岳阳市,岳阳市,430600,市
919,3,2020/1/24,湖南,娄底,111.993497,27.700062,湖南省,娄底市,娄底市,431300,市
920,4,2020/1/24,湖南,长沙,112.938814,28.228209,湖南省,长沙市,长沙市,430100,市
921,3,2020/1/24,湖南,永州,111.613445,26.420394,湖南省,永州市,永州市,431100,市
922,3,2020/1/25,湖南,衡阳,112.571997,26.89323,湖南省,衡阳市,衡阳市,430400,市
923,1,2020/1/25,湖南,湘潭,112.944049,27.829738,湖南省,湘潭市,湘潭市,430300,市
924,2,2020/1/25,湖南,邵阳,111.467791,27.238892,湖南省,邵阳市,邵阳市,430500,市
925,2,2020/1/25,湖南,岳阳,113.128958,29.357104,湖南省,岳阳市,岳阳市,430600,市
926,3,2020/1/25,湖南,常德,111.698497,29.031673,湖南省,常德市,常德市,430700,市
927,4,2020/1/25,湖南,益阳,112.35518,28.55386,湖南省,益阳市,益阳市,430900,市
928,2,2020/1/25,湖南,怀化,109.998488,27.554978,湖南省,怀化市,怀化市,431200,市
929,2,2020/1/25,湖南,娄底,111.993497,27.700062,湖南省,娄底市,娄底市,431300,市
930,10,2020/1/26,湖南,长沙,112.938814,28.228209,湖南省,长沙市,长沙市,430100,市
931,2,2020/1/26,湖南,株洲,113.134002,27.82755,湖南省,株洲市,株洲市,430200,市
932,1,2020/1/26,湖南,湘潭,112.944049,27.829738,湖南省,湘潭市,湘潭市,430300,市
933,1,2020/1/26,湖南,岳阳,113.128958,29.357104,湖南省,岳阳市,岳阳市,430600,市
934,4,2020/1/26,湖南,常德,111.698497,29.031673,湖南省,常德市,常德市,430700,市
935,2,2020/1/26,湖南,郴州,113.014717,25.770509,湖南省,郴州市,郴州市,431000,市
936,3,2020/1/26,湖南,怀化,109.998488,27.554978,湖南省,怀化市,怀化市,431200,市
937,3,2020/1/26,湖南,湘西自治州,109.738783,28.311994,湖南省,[],[],433100,自治区
938,4,2020/1/27,湖南,长沙,112.938814,28.228209,湖南省,长沙市,长沙市,430100,市
939,1,2020/1/27,湖南,衡阳,112.571997,26.89323,湖南省,衡阳市,衡阳市,430400,市
940,2,2020/1/27,湖南,株洲,113.134002,27.82755,湖南省,株洲市,株洲市,430200,市
941,1,2020/1/27,湖南,湘潭,112.944049,27.829738,湖南省,湘潭市,湘潭市,430300,市
942,6,2020/1/27,湖南,邵阳,111.467791,27.238892,湖南省,邵阳市,邵阳市,430500,市
943,1,2020/1/27,湖南,岳阳,113.128958,29.357104,湖南省,岳阳市,岳阳市,430600,市
944,5,2020/1/27,湖南,常德,111.698497,29.031673,湖南省,常德市,常德市,430700,市
945,3,2020/1/27,湖南,益阳,112.35518,28.55386,湖南省,益阳市,益阳市,430900,市
946,3,2020/1/27,湖南,郴州,113.014717,25.770509,湖南省,郴州市,郴州市,431000,市
947,3,2020/1/27,湖南,怀化,109.998488,27.554978,湖南省,怀化市,怀化市,431200,市
948,2,2020/1/27,湖南,娄底,111.993497,27.700062,湖南省,娄底市,娄底市,431300,市
949,2,2020/1/28,湖南,长沙,112.938814,28.228209,湖南省,长沙市,长沙市,430100,市
950,3,2020/1/28,湖南,衡阳,112.571997,26.89323,湖南省,衡阳市,衡阳市,430400,市
951,2,2020/1/28,湖南,株洲,113.134002,27.82755,湖南省,株洲市,株洲市,430200,市
952,2,2020/1/28,湖南,湘潭,112.944049,27.829738,湖南省,湘潭市,湘潭市,430300,市
953,3,2020/1/28,湖南,邵阳,111.467791,27.238892,湖南省,邵阳市,邵阳市,430500,市
954,10,2020/1/28,湖南,岳阳,113.128958,29.357104,湖南省,岳阳市,岳阳市,430600,市
955,7,2020/1/28,湖南,常德,111.698497,29.031673,湖南省,常德市,常德市,430700,市
956,3,2020/1/28,湖南,益阳,112.35518,28.55386,湖南省,益阳市,益阳市,430900,市
957,1,2020/1/28,湖南,郴州,113.014717,25.770509,湖南省,郴州市,郴州市,431000,市
958,3,2020/1/28,湖南,永州,111.613445,26.420394,湖南省,永州市,永州市,431100,市
959,5,2020/1/28,湖南,怀化,109.998488,27.554978,湖南省,怀化市,怀化市,431200,市
960,2,2020/1/28,湖南,娄底,111.993497,27.700062,湖南省,娄底市,娄底市,431300,市
961,1,2020/1/22,辽宁,大连,121.614682,38.914003,辽宁省,大连市,大连市,210200,市
962,1,2020/1/22,辽宁,抚顺,123.957208,41.880872,辽宁省,抚顺市,抚顺市,210400,市
963,1,2020/1/23,辽宁,沈阳,123.431474,41.805698,辽宁省,沈阳市,沈阳市,210100,市
964,1,2020/1/24,辽宁,朝阳,120.471504,41.585133,辽宁省,朝阳市,朝阳市,211302,乡镇
965,1,2020/1/25,辽宁,沈阳,123.431474,41.805698,辽宁省,沈阳市,沈阳市,210100,市
966,1,2020/1/25,辽宁,大连,121.614682,38.914003,辽宁省,大连市,大连市,210200,市
967,1,2020/1/25,辽宁,本溪,123.766485,41.294175,辽宁省,本溪市,本溪市,210500,市
968,2,2020/1/25,辽宁,铁岭,123.726166,42.223769,辽宁省,铁岭市,铁岭市,211200,市
969,1,2020/1/25,辽宁,朝阳,120.471504,41.585133,辽宁省,朝阳市,朝阳市,211302,乡镇
970,2,2020/1/25,辽宁,葫芦岛,120.836932,40.711052,辽宁省,葫芦岛市,葫芦岛市,211400,市
971,2,2020/1/25,辽宁,沈阳,123.431474,41.805698,辽宁省,沈阳市,沈阳市,210100,市
972,1,2020/1/25,辽宁,大连,121.614682,38.914003,辽宁省,大连市,大连市,210200,市
973,1,2020/1/25,辽宁,大连,121.614682,38.914003,辽宁省,大连市,大连市,210200,市
974,1,2020/1/26,辽宁,营口,122.235417,40.667012,辽宁省,营口市,营口市,210800,市
975,1,2020/1/26,辽宁,丹东,124.354706,40.000499,辽宁省,丹东市,丹东市,210600,市
976,1,2020/1/26,辽宁,盘锦,122.070714,41.119997,辽宁省,盘锦市,盘锦市,211100,市
977,1,2020/1/26,辽宁,本溪,123.766485,41.294175,辽宁省,本溪市,本溪市,210500,市
978,1,2020/1/26,辽宁,沈阳,123.431474,41.805698,辽宁省,沈阳市,沈阳市,210100,市
979,1,2020/1/27,辽宁,盘锦,122.070714,41.119997,辽宁省,盘锦市,盘锦市,211100,市
980,1,2020/1/27,辽宁,沈阳,123.431474,41.805698,辽宁省,沈阳市,沈阳市,210100,市
981,1,2020/1/27,辽宁,大连,121.614682,38.914003,辽宁省,大连市,大连市,210200,市
982,3,2020/1/27,辽宁,丹东,124.354706,40.000499,辽宁省,丹东市,丹东市,210600,市
983,1,2020/1/28,辽宁,沈阳,123.431474,41.805698,辽宁省,沈阳市,沈阳市,210100,市
984,1,2020/1/28,辽宁,丹东,124.354706,40.000499,辽宁省,丹东市,丹东市,210600,市
985,1,2020/1/28,辽宁,辽阳,123.236944,41.267244,辽宁省,辽阳市,辽阳市,211000,市
986,1,2020/1/23,黑龙江,牡丹江,129.633163,44.551655,黑龙江省,牡丹江市,牡丹江市,231000,市
987,1,2020/1/23,黑龙江,哈尔滨,126.534967,45.803775,黑龙江省,哈尔滨市,哈尔滨市,230100,市
988,1,2020/1/24,黑龙江,绥化,126.968887,46.653845,黑龙江省,绥化市,绥化市,231200,市
989,1,2020/1/24,黑龙江,大庆,125.103784,46.589309,黑龙江省,大庆市,大庆市,230600,市
990,5,2020/1/25,黑龙江,哈尔滨,126.534967,45.803775,黑龙江省,哈尔滨市,哈尔滨市,230100,市
991,2,2020/1/26,黑龙江,哈尔滨,126.534967,45.803775,黑龙江省,哈尔滨市,哈尔滨市,230100,市
992,1,2020/1/26,黑龙江,齐齐哈尔,123.918186,47.354348,黑龙江省,齐齐哈尔市,齐齐哈尔市,230200,市
993,2,2020/1/27,黑龙江,大庆,125.103784,46.589309,黑龙江省,大庆市,大庆市,230600,市
994,1,2020/1/26,黑龙江,绥化,126.968887,46.653845,黑龙江省,绥化市,绥化市,231200,市
995,2,2020/1/27,黑龙江,大庆,125.103784,46.589309,黑龙江省,大庆市,大庆市,230600,市
996,1,2020/1/27,黑龙江,绥化,126.968887,46.653845,黑龙江省,绥化市,绥化市,231200,市
997,1,2020/1/27,黑龙江,佳木斯,130.318917,46.799922,黑龙江省,佳木斯市,佳木斯市,230800,市
998,1,2020/1/27,黑龙江,双鸭山,131.159133,46.646508,黑龙江省,双鸭山市,双鸭山市,230500,市
999,1,2020/1/27,黑龙江,七台河,131.003138,45.771726,黑龙江省,七台河市,七台河市,230900,市
1000,2,2020/1/28,黑龙江,哈尔滨,126.534967,45.803775,黑龙江省,哈尔滨市,哈尔滨市,230100,市
1001,1,2020/1/28,黑龙江,齐齐哈尔,123.918186,47.354348,黑龙江省,齐齐哈尔市,齐齐哈尔市,230200,市
1002,1,2020/1/28,黑龙江,七台河,131.003138,45.771726,黑龙江省,七台河市,七台河市,230900,市
1003,5,2020/1/28,黑龙江,绥化,126.968887,46.653845,黑龙江省,绥化市,绥化市,231200,市
1004,1,2020/1/22,河北,石家庄,114.51486,38.042307,河北省,石家庄市,石家庄市,130100,市
1005,1,2020/1/23,河北,沧州,116.838834,38.304477,河北省,沧州市,沧州市,130900,市
1006,3,2020/1/25,河北,石家庄,114.51486,38.042307,河北省,石家庄市,石家庄市,130100,市
1007,1,2020/1/25,河北,保定,115.464806,38.873891,河北省,保定市,保定市,130600,市
1008,1,2020/1/25,河北,承德,117.96241,40.954071,河北省,承德市,承德市,130800,市
1009,1,2020/1/25,河北,沧州,116.838834,38.304477,河北省,沧州市,沧州市,130900,市
1010,2,2020/1/26,河北,邯郸,114.538961,36.625657,河北省,邯郸市,邯郸市,130400,市
1011,2,2020/1/26,河北,保定,115.464806,38.873891,河北省,保定市,保定市,130600,市
1012,1,2020/1/26,河北,石家庄,114.51486,38.042307,河北省,石家庄市,石家庄市,130100,市
1013,2,2020/1/27,河北,石家庄,114.51486,38.042307,河北省,石家庄市,石家庄市,130100,市
1014,2,2020/1/27,河北,廊坊,116.683752,39.538047,河北省,廊坊市,廊坊市,131000,市
1015,1,2020/1/27,河北,邢台,114.504844,37.070589,河北省,邢台市,邢台市,130500,市
1016,4,2020/1/28,河北,廊坊,116.683752,39.538047,河北省,廊坊市,廊坊市,131000,市
1017,3,2020/1/28,河北,沧州,116.838834,38.304477,河北省,沧州市,沧州市,130900,市
1018,2,2020/1/28,河北,邯郸,114.538961,36.625657,河北省,邯郸市,邯郸市,130400,市
1019,2,2020/1/28,河北,石家庄,114.51486,38.042307,河北省,石家庄市,石家庄市,130100,市
1020,2,2020/1/28,河北,衡水,115.670177,37.73892,河北省,衡水市,衡水市,131100,市
1021,1,2020/1/28,河北,唐山,118.180193,39.630867,河北省,唐山市,唐山市,130200,市
1022,1,2020/1/28,河北,邢台,114.504844,37.070589,河北省,邢台市,邢台市,130500,市
1023,1,2020/1/23,江苏,苏州,120.585315,31.298886,江苏省,苏州市,苏州市,320500,市
1024,2,2020/1/23,江苏,南京,118.796877,32.060255,江苏省,南京市,南京市,320100,市
1025,1,2020/1/23,江苏,连云港,119.221611,34.596653,江苏省,连云港市,连云港市,320700,市
1026,1,2020/1/23,江苏,扬州,119.412966,32.39421,江苏省,扬州市,扬州市,321000,市
1027,1,2020/1/23,江苏,无锡,120.31191,31.491169,江苏省,无锡市,无锡市,320200,市
1028,1,2020/1/23,江苏,南通,120.894291,31.980171,江苏省,南通市,南通市,320600,市
1029,1,2020/1/23,江苏,南京,118.796877,32.060255,江苏省,南京市,南京市,320100,市
1030,1,2020/1/23,江苏,苏州,120.585315,31.298886,江苏省,苏州市,苏州市,320500,市
1031,5,2020/1/25,江苏,常州,119.973987,31.810689,江苏省,常州市,常州市,320400,市
1032,1,2020/1/25,江苏,盐城,120.163561,33.347382,江苏省,盐城市,盐城市,320900,市
1033,1,2020/1/25,江苏,宿迁,118.275198,33.963232,江苏省,宿迁市,宿迁市,321300,市
1034,1,2020/1/25,江苏,南京,118.796877,32.060255,江苏省,南京市,南京市,320100,市
1035,1,2020/1/25,江苏,苏州,120.585315,31.298886,江苏省,苏州市,苏州市,320500,市
1036,1,2020/1/26,江苏,淮安,119.015285,33.610353,江苏省,淮安市,淮安市,320800,市
1037,1,2020/1/26,江苏,泰州,119.923116,32.455778,江苏省,泰州市,泰州市,321200,市
1038,3,2020/1/26,江苏,南京,118.796877,32.060255,江苏省,南京市,南京市,320100,市
1039,1,2020/1/26,江苏,无锡,120.31191,31.491169,江苏省,无锡市,无锡市,320200,市
1040,4,2020/1/26,江苏,苏州,120.585315,31.298886,江苏省,苏州市,苏州市,320500,市
1041,1,2020/1/26,江苏,南通,120.894291,31.980171,江苏省,南通市,南通市,320600,市
1042,2,2020/1/26,江苏,连云港,119.221611,34.596653,江苏省,连云港市,连云港市,320700,市
1043,2,2020/1/26,江苏,镇江,119.425836,32.187849,江苏省,镇江市,镇江市,321100,市
1044,3,2020/1/27,江苏,徐州,117.284124,34.205768,江苏省,徐州市,徐州市,320300,市
1045,2,2020/1/27,江苏,无锡,120.31191,31.491169,江苏省,无锡市,无锡市,320200,市
1046,1,2020/1/27,江苏,常州,119.973987,31.810689,江苏省,常州市,常州市,320400,市
1047,1,2020/1/27,江苏,苏州,120.585315,31.298886,江苏省,苏州市,苏州市,320500,市
1048,2,2020/1/27,江苏,南通,120.894291,31.980171,江苏省,南通市,南通市,320600,市
1049,1,2020/1/27,江苏,淮安,119.015285,33.610353,江苏省,淮安市,淮安市,320800,市
1050,3,2020/1/27,江苏,扬州,119.412966,32.39421,江苏省,扬州市,扬州市,321000,市
1051,1,2020/1/27,江苏,泰州,119.923116,32.455778,江苏省,泰州市,泰州市,321200,市
1052,3,2020/1/28,江苏,南京,118.796877,32.060255,江苏省,南京市,南京市,320100,市
1053,2,2020/1/28,江苏,无锡,120.31191,31.491169,江苏省,无锡市,无锡市,320200,市
1054,5,2020/1/28,江苏,徐州,117.284124,34.205768,江苏省,徐州市,徐州市,320300,市
1055,2,2020/1/28,江苏,常州,119.973987,31.810689,江苏省,常州市,常州市,320400,市
1056,4,2020/1/28,江苏,苏州,120.585315,31.298886,江苏省,苏州市,苏州市,320500,市
1057,2,2020/1/28,江苏,南通,120.894291,31.980171,江苏省,南通市,南通市,320600,市
1058,1,2020/1/28,江苏,扬州,119.412966,32.39421,江苏省,扬州市,扬州市,321000,市
1059,2,2020/1/28,江苏,泰州,119.923116,32.455778,江苏省,泰州市,泰州市,321200,市
1060,2,2020/1/28,江苏,宿迁,118.275198,33.963232,江苏省,宿迁市,宿迁市,321300,市
1061,1,2020/1/23,内蒙古,呼伦贝尔市,119.765744,49.211574,内蒙古自治区,呼伦贝尔市,呼伦贝尔市,150700,市
1062,1,2020/1/25,内蒙古,锡林郭勒盟,116.048222,43.933454,内蒙古自治区,锡林郭勒盟,锡林郭勒盟,152500,市
1063,1,2020/1/26,内蒙古,锡林郭勒盟,116.048222,43.933454,内蒙古自治区,锡林郭勒盟,锡林郭勒盟,152500,市
1064,1,2020/1/26,内蒙古,呼伦贝尔,119.765744,49.211574,内蒙古自治区,呼伦贝尔市,呼伦贝尔市,150700,市
1065,1,2020/1/26,内蒙古,鄂尔多斯,109.781327,39.608266,内蒙古自治区,鄂尔多斯市,鄂尔多斯市,150600,市
1066,1,2020/1/26,内蒙古,鄂尔多斯,109.781327,39.608266,内蒙古自治区,鄂尔多斯市,鄂尔多斯市,150600,市
1067,1,2020/1/26,内蒙古,赤峰,118.886856,42.257817,内蒙古自治区,赤峰市,赤峰市,150400,市
1068,2,2020/1/27,内蒙古,包头,109.840347,40.657449,内蒙古自治区,包头市,包头市,150200,市
1069,1,2020/1/27,内蒙古,兴安盟,122.067042,46.077561,内蒙古自治区,兴安盟,兴安盟,152200,市
1070,1,2020/1/27,内蒙古,通辽市,122.243444,43.65289,内蒙古自治区,通辽市,通辽市,150500,市
1071,1,2020/1/28,内蒙古,包头,109.840347,40.657449,内蒙古自治区,包头市,包头市,150200,市
1072,1,2020/1/28,内蒙古,赤峰,118.886856,42.257817,内蒙古自治区,赤峰市,赤峰市,150400,市
1073,1,2020/1/23,甘肃,兰州,103.834303,36.061089,甘肃省,兰州市,兰州市,620100,市
1074,1,2020/1/23,甘肃,白银,104.138559,36.544756,甘肃省,白银市,白银市,620400,市
1075,1,2020/1/25,甘肃,兰州,103.834303,36.061089,甘肃省,兰州市,兰州市,620100,市
1076,1,2020/1/25,甘肃,临夏,103.210538,35.601182,甘肃省,临夏回族自治州,临夏回族自治州,622900,市
1077,1,2020/1/26,甘肃,定西,104.626282,35.580662,甘肃省,定西市,定西市,621100,市
1078,2,2020/1/26,甘肃,兰州,103.834303,36.061089,甘肃省,兰州市,兰州市,620100,市
1079,4,2020/1/27,甘肃,兰州,103.834303,36.061089,甘肃省,兰州市,兰州市,620100,市
1080,1,2020/1/27,甘肃,临夏,103.210538,35.601182,甘肃省,临夏回族自治州,临夏回族自治州,622900,市
1081,1,2020/1/27,甘肃,张掖,100.449818,38.925875,甘肃省,张掖市,张掖市,620700,市
1082,1,2020/1/27,甘肃,陇南,104.921841,33.400684,甘肃省,陇南市,陇南市,621200,市
1083,1,2020/1/28,甘肃,金昌,102.188043,38.520089,甘肃省,金昌市,金昌市,620300,市
1084,1,2020/1/28,甘肃,天水,105.724947,34.580863,甘肃省,天水市,天水市,620500,市
1085,3,2020/1/28,甘肃,兰州,103.834303,36.061089,甘肃省,兰州市,兰州市,620100,市
1086,1,2020/1/23,陕西,西安,108.940174,34.341568,陕西省,西安市,西安市,610100,市
1087,1,2020/1/23,陕西,咸阳,108.708991,34.329605,陕西省,咸阳市,咸阳市,610400,市
1088,1,2020/1/23,陕西,西安,108.940174,34.341568,陕西省,西安市,西安市,610100,市
1089,1,2020/1/24,陕西,安康,109.029022,32.684714,陕西省,安康市,安康市,610900,市
1090,1,2020/1/24,陕西,延安,109.489727,36.585455,陕西省,延安市,延安市,610600,市
1091,1,2020/1/25,陕西,咸阳,108.708991,34.329605,陕西省,咸阳市,咸阳市,610400,市
1092,1,2020/1/25,陕西,安康,109.029022,32.684714,陕西省,安康市,安康市,610900,市
1093,1,2020/1/25,陕西,安康,109.029022,32.684714,陕西省,安康市,安康市,610900,市
1094,1,2020/1/25,陕西,铜川,108.945233,34.896756,陕西省,铜川市,铜川市,610200,市
1095,1,2020/1/25,陕西,铜川,108.945233,34.896756,陕西省,铜川市,铜川市,610200,市
1096,1,2020/1/25,陕西,铜川,108.945233,34.896756,陕西省,铜川市,铜川市,610200,市
1097,1,2020/1/25,陕西,西安,108.940174,34.341568,陕西省,西安市,西安市,610100,市
1098,1,2020/1/25,陕西,西安,108.940174,34.341568,陕西省,西安市,西安市,610100,市
1099,1,2020/1/25,陕西,咸阳,108.708991,34.329605,陕西省,咸阳市,咸阳市,610400,市
1100,1,2020/1/25,陕西,商洛,109.940477,33.870422,陕西省,商洛市,商洛市,611000,市
1101,1,2020/1/26,陕西,西安,108.940174,34.341568,陕西省,西安市,西安市,610100,市
1102,1,2020/1/26,陕西,西安,108.940174,34.341568,陕西省,西安市,西安市,610100,市
1103,1,2020/1/26,陕西,汉中,107.023323,33.06748,陕西省,汉中市,汉中市,610700,市
1104,1,2020/1/26,陕西,铜川,108.945233,34.896756,陕西省,铜川市,铜川市,610200,市
1105,1,2020/1/26,陕西,铜川,108.945233,34.896756,陕西省,铜川市,铜川市,610200,市
1106,1,2020/1/26,陕西,西安,108.940174,34.341568,陕西省,西安市,西安市,610100,市
1107,1,2020/1/26,陕西,西安,108.940174,34.341568,陕西省,西安市,西安市,610100,市
1108,1,2020/1/27,陕西,西安,108.940174,34.341568,陕西省,西安市,西安市,610100,市
1109,1,2020/1/27,陕西,延安,109.489727,36.585455,陕西省,延安市,延安市,610600,市
1110,1,2020/1/27,陕西,汉中,107.023323,33.06748,陕西省,汉中市,汉中市,610700,市
1111,1,2020/1/27,陕西,汉中,107.023323,33.06748,陕西省,汉中市,汉中市,610700,市
1112,1,2020/1/27,陕西,西安,108.940174,34.341568,陕西省,西安市,西安市,610100,市
1113,1,2020/1/27,陕西,西安,108.940174,34.341568,陕西省,西安市,西安市,610100,市
1114,1,2020/1/27,陕西,西安,108.940174,34.341568,陕西省,西安市,西安市,610100,市
1115,1,2020/1/27,陕西,西安,108.940174,34.341568,陕西省,西安市,西安市,610100,市
1116,1,2020/1/27,陕西,安康,109.029022,32.684714,陕西省,安康市,安康市,610900,市
1117,1,2020/1/27,陕西,安康,109.029022,32.684714,陕西省,安康市,安康市,610900,市
1118,1,2020/1/27,陕西,安康,109.029022,32.684714,陕西省,安康市,安康市,610900,市
1119,1,2020/1/27,陕西,安康,109.029022,32.684714,陕西省,安康市,安康市,610900,市
1120,1,2020/1/27,陕西,渭南,109.509786,34.499995,陕西省,渭南市,渭南市,610500,市
1121,1,2020/1/28,陕西,西安,108.940174,34.341568,陕西省,西安市,西安市,610100,市
1122,1,2020/1/28,陕西,西安,108.940174,34.341568,陕西省,西安市,西安市,610100,市
1123,1,2020/1/28,陕西,西安,108.940174,34.341568,陕西省,西安市,西安市,610100,市
1124,1,2020/1/28,陕西,宝鸡,107.237974,34.361979,陕西省,宝鸡市,宝鸡市,610300,市
1125,1,2020/1/28,陕西,宝鸡,107.237974,34.361979,陕西省,宝鸡市,宝鸡市,610300,市
1126,1,2020/1/28,陕西,渭南市,109.509786,34.499995,陕西省,渭南市,渭南市,610500,市
1127,1,2020/1/28,陕西,渭南市,109.509786,34.499995,陕西省,渭南市,渭南市,610500,市
1128,1,2020/1/28,陕西,商洛,109.940477,33.870422,陕西省,商洛市,商洛市,611000,市
1129,1,2020/1/28,陕西,汉中,107.023323,33.06748,陕西省,汉中市,汉中市,610700,市
1130,1,2020/1/28,陕西,西安,108.940174,34.341568,陕西省,西安市,西安市,610100,市
1131,1,2020/1/28,陕西,安康,109.029022,32.684714,陕西省,安康市,安康市,610900,市
1132,1,2020/1/23,新疆,乌鲁木齐,87.616848,43.825592,新疆维吾尔自治区,乌鲁木齐市,乌鲁木齐市,650100,市
1133,1,2020/1/23,新疆,乌鲁木齐,87.616848,43.825592,新疆维吾尔自治区,乌鲁木齐市,乌鲁木齐市,650100,市
1134,1,2020/1/25,新疆,乌鲁木齐,87.616848,43.825592,新疆维吾尔自治区,乌鲁木齐市,乌鲁木齐市,650100,市
1135,1,2020/1/26,新疆,伊犁,[],[],新疆维吾尔自治区,[],[],[],[]
1136,1,2020/1/27,新疆,乌鲁木齐,87.616848,43.825592,新疆维吾尔自治区,乌鲁木齐市,乌鲁木齐市,650100,市
1137,1,2020/1/28,新疆,吐鲁番,89.189651,42.951382,新疆维吾尔自治区,吐鲁番市,吐鲁番市,650400,市
1138,1,2020/1/28,新疆,第七师,39.910925,116.413384,新疆维吾尔自治区,[],[],,[]
1139,1,2020/1/28,新疆,第八师石河子,86.079895,44.458214,新疆维吾尔自治区,[],[],659001,村庄
1140,1,2020/1/28,新疆,乌鲁木齐,87.616848,43.825592,新疆维吾尔自治区,乌鲁木齐市,乌鲁木齐市,650100,市
1141,1,2020/1/28,新疆,伊犁,[],[],新疆维吾尔自治区,[],[],[],[]
1142,1,2020/1/24,青海,西宁,101.778228,36.617144,青海省,西宁市,西宁市,630100,市
1143,1,2020/1/27,青海,西宁,101.778228,36.617144,青海省,西宁市,西宁市,630100,市
1144,1,2020/1/27,青海,西宁,101.778228,36.617144,青海省,西宁市,西宁市,630100,市
1145,1,2020/1/27,青海,西宁,101.778228,36.617144,青海省,西宁市,西宁市,630100,市
1146,2,2020/1/28,青海,西宁,101.778228,36.617144,青海省,西宁市,西宁市,630100,市
1147,1,2020/1/22,香港,香港,114.163825,22.276284,香港特别行政区,[],[],810000,省
1148,1,2020/1/23,香港,香港,114.163825,22.276284,香港特别行政区,[],[],810000,省
1149,3,2020/1/25,香港,香港,114.163825,22.276284,香港特别行政区,[],[],810000,省
1150,1,2020/1/26,香港,香港,114.163825,22.276284,香港特别行政区,[],[],810000,省
1151,1,2020/1/22,澳门,澳门,113.543028,22.186835,澳门特别行政区,[],[],820000,省
1152,1,2020/1/22,澳门,澳门,113.543028,22.186835,澳门特别行政区,[],[],820000,省
1153,1,2020/1/26,澳门,澳门,113.543028,22.186835,澳门特别行政区,[],[],820000,省
1154,1,2020/1/26,澳门,澳门,113.543028,22.186835,澳门特别行政区,[],[],820000,省
1155,1,2020/1/26,澳门,澳门,113.543028,22.186835,澳门特别行政区,[],[],820000,省
1156,1,2020/1/27,澳门,澳门,113.543028,22.186835,澳门特别行政区,[],[],820000,省
1157,1,2020/1/28,澳门,澳门,113.543028,22.186835,澳门特别行政区,[],[],820000,省
1158,1,2020/1/24,台湾,台北,114.277985,30.597507,湖北省,武汉市,武汉市,420102,乡镇
1159,1,2020/1/24,台湾,台北,114.277985,30.597507,湖北省,武汉市,武汉市,420102,乡镇
